id,plan_contratacion_item_id/id,mes,valor
__export__.plan_contratacion_idu_plan_pagos_item_1,,1,1000.0
__export__.plan_contratacion_idu_plan_pagos_item_2,,2,500.0
__export__.plan_contratacion_idu_plan_pagos_item_3,,3,2000.0
__export__.plan_contratacion_idu_plan_pagos_item_4,,4,100.0
__export__.plan_contratacion_idu_plan_pagos_item_5,,5,50.0
__export__.plan_contratacion_idu_plan_pagos_item_6,,6,1000.0
__export__.plan_contratacion_idu_plan_pagos_item_7,,7,500.0
__export__.plan_contratacion_idu_plan_pagos_item_8,,8,2000.0
__export__.plan_contratacion_idu_plan_pagos_item_9,,9,100.0
__export__.plan_contratacion_idu_plan_pagos_item_10,,10,50.0
__export__.plan_contratacion_idu_plan_pagos_item_11,,11,1000.0
__export__.plan_contratacion_idu_plan_pagos_item_12,,12,500.0
__export__.plan_contratacion_idu_plan_pagos_item_13,,1,2000.0
__export__.plan_contratacion_idu_plan_pagos_item_14,,2,100.0
__export__.plan_contratacion_idu_plan_pagos_item_15,,3,50.0
__export__.plan_contratacion_idu_plan_pagos_item_16,,4,1000.0
__export__.plan_contratacion_idu_plan_pagos_item_17,,5,500.0
__export__.plan_contratacion_idu_plan_pagos_item_18,,6,2000.0
__export__.plan_contratacion_idu_plan_pagos_item_19,,7,100.0
__export__.plan_contratacion_idu_plan_pagos_item_20,,8,50.0
__export__.plan_contratacion_idu_plan_pagos_item_21,,9,1000.0
__export__.plan_contratacion_idu_plan_pagos_item_22,,10,500.0
__export__.plan_contratacion_idu_plan_pagos_item_23,,11,2000.0
__export__.plan_contratacion_idu_plan_pagos_item_24,,12,100.0
__export__.plan_contratacion_idu_plan_pagos_item_25,,1,50.0
__export__.plan_contratacion_idu_plan_pagos_item_26,,2,1000.0
__export__.plan_contratacion_idu_plan_pagos_item_27,,3,500.0
__export__.plan_contratacion_idu_plan_pagos_item_28,,4,2000.0
__export__.plan_contratacion_idu_plan_pagos_item_29,,5,100.0
__export__.plan_contratacion_idu_plan_pagos_item_30,,6,50.0
__export__.plan_contratacion_idu_plan_pagos_item_31,,7,1000.0
__export__.plan_contratacion_idu_plan_pagos_item_32,,8,500.0
__export__.plan_contratacion_idu_plan_pagos_item_33,,9,2000.0
__export__.plan_contratacion_idu_plan_pagos_item_34,,10,100.0
__export__.plan_contratacion_idu_plan_pagos_item_35,,11,50.0
__export__.plan_contratacion_idu_plan_pagos_item_36,,12,1000.0
__export__.plan_contratacion_idu_plan_pagos_item_37,,1,500.0
__export__.plan_contratacion_idu_plan_pagos_item_38,,2,2000.0
__export__.plan_contratacion_idu_plan_pagos_item_39,,3,100.0
__export__.plan_contratacion_idu_plan_pagos_item_40,,4,50.0
__export__.plan_contratacion_idu_plan_pagos_item_41,,5,1000.0
__export__.plan_contratacion_idu_plan_pagos_item_42,,6,500.0
__export__.plan_contratacion_idu_plan_pagos_item_43,,7,2000.0
__export__.plan_contratacion_idu_plan_pagos_item_44,,8,100.0
__export__.plan_contratacion_idu_plan_pagos_item_45,,9,50.0
__export__.plan_contratacion_idu_plan_pagos_item_46,,10,1000.0
__export__.plan_contratacion_idu_plan_pagos_item_47,,11,500.0
__export__.plan_contratacion_idu_plan_pagos_item_48,,12,2000.0
__export__.plan_contratacion_idu_plan_pagos_item_49,,1,100.0
__export__.plan_contratacion_idu_plan_pagos_item_50,,2,50.0
__export__.plan_contratacion_idu_plan_pagos_item_51,,3,1000.0
__export__.plan_contratacion_idu_plan_pagos_item_52,,4,500.0
__export__.plan_contratacion_idu_plan_pagos_item_53,,5,2000.0
__export__.plan_contratacion_idu_plan_pagos_item_54,,6,100.0
__export__.plan_contratacion_idu_plan_pagos_item_55,,7,50.0
__export__.plan_contratacion_idu_plan_pagos_item_56,,8,1000.0
__export__.plan_contratacion_idu_plan_pagos_item_57,,9,500.0
__export__.plan_contratacion_idu_plan_pagos_item_58,,10,2000.0
__export__.plan_contratacion_idu_plan_pagos_item_59,,11,100.0
__export__.plan_contratacion_idu_plan_pagos_item_60,,12,50.0
__export__.plan_contratacion_idu_plan_pagos_item_61,,1,1000.0
__export__.plan_contratacion_idu_plan_pagos_item_62,,2,500.0
__export__.plan_contratacion_idu_plan_pagos_item_63,,3,2000.0
__export__.plan_contratacion_idu_plan_pagos_item_64,,4,100.0
__export__.plan_contratacion_idu_plan_pagos_item_65,,5,50.0
__export__.plan_contratacion_idu_plan_pagos_item_66,,6,1000.0
__export__.plan_contratacion_idu_plan_pagos_item_67,,7,500.0
__export__.plan_contratacion_idu_plan_pagos_item_68,,8,2000.0
__export__.plan_contratacion_idu_plan_pagos_item_69,,9,100.0
__export__.plan_contratacion_idu_plan_pagos_item_70,,10,50.0
__export__.plan_contratacion_idu_plan_pagos_item_71,,11,1000.0
__export__.plan_contratacion_idu_plan_pagos_item_72,,12,500.0
__export__.plan_contratacion_idu_plan_pagos_item_73,,1,2000.0
__export__.plan_contratacion_idu_plan_pagos_item_74,,2,100.0
__export__.plan_contratacion_idu_plan_pagos_item_75,,3,50.0
__export__.plan_contratacion_idu_plan_pagos_item_76,,4,1000.0
__export__.plan_contratacion_idu_plan_pagos_item_77,,5,500.0
__export__.plan_contratacion_idu_plan_pagos_item_78,,6,2000.0
__export__.plan_contratacion_idu_plan_pagos_item_79,,7,100.0
__export__.plan_contratacion_idu_plan_pagos_item_80,,8,50.0
__export__.plan_contratacion_idu_plan_pagos_item_81,,9,1000.0
__export__.plan_contratacion_idu_plan_pagos_item_82,,10,500.0
__export__.plan_contratacion_idu_plan_pagos_item_83,,11,2000.0
__export__.plan_contratacion_idu_plan_pagos_item_84,,12,100.0
__export__.plan_contratacion_idu_plan_pagos_item_85,,1,50.0
__export__.plan_contratacion_idu_plan_pagos_item_86,,2,1000.0
__export__.plan_contratacion_idu_plan_pagos_item_87,,3,500.0
__export__.plan_contratacion_idu_plan_pagos_item_88,,4,2000.0
__export__.plan_contratacion_idu_plan_pagos_item_89,,5,100.0
__export__.plan_contratacion_idu_plan_pagos_item_90,,6,50.0
__export__.plan_contratacion_idu_plan_pagos_item_91,,7,1000.0
__export__.plan_contratacion_idu_plan_pagos_item_92,,8,500.0
__export__.plan_contratacion_idu_plan_pagos_item_93,,9,2000.0
__export__.plan_contratacion_idu_plan_pagos_item_94,,10,100.0
__export__.plan_contratacion_idu_plan_pagos_item_95,,11,50.0
__export__.plan_contratacion_idu_plan_pagos_item_96,,12,1000.0
__export__.plan_contratacion_idu_plan_pagos_item_97,,1,500.0
__export__.plan_contratacion_idu_plan_pagos_item_98,,2,2000.0
__export__.plan_contratacion_idu_plan_pagos_item_99,,3,100.0
__export__.plan_contratacion_idu_plan_pagos_item_100,,4,50.0
__export__.plan_contratacion_idu_plan_pagos_item_101,,5,1000.0
__export__.plan_contratacion_idu_plan_pagos_item_102,,6,500.0
__export__.plan_contratacion_idu_plan_pagos_item_103,,7,2000.0
__export__.plan_contratacion_idu_plan_pagos_item_104,,8,100.0
__export__.plan_contratacion_idu_plan_pagos_item_105,,9,50.0
__export__.plan_contratacion_idu_plan_pagos_item_106,,10,1000.0
__export__.plan_contratacion_idu_plan_pagos_item_107,,11,500.0
__export__.plan_contratacion_idu_plan_pagos_item_108,,12,2000.0
__export__.plan_contratacion_idu_plan_pagos_item_109,,1,100.0
__export__.plan_contratacion_idu_plan_pagos_item_110,,2,50.0
__export__.plan_contratacion_idu_plan_pagos_item_111,,3,1000.0
__export__.plan_contratacion_idu_plan_pagos_item_112,,4,500.0
__export__.plan_contratacion_idu_plan_pagos_item_113,,5,2000.0
__export__.plan_contratacion_idu_plan_pagos_item_114,,6,100.0
__export__.plan_contratacion_idu_plan_pagos_item_115,,7,50.0
__export__.plan_contratacion_idu_plan_pagos_item_116,,8,1000.0
__export__.plan_contratacion_idu_plan_pagos_item_117,,9,500.0
__export__.plan_contratacion_idu_plan_pagos_item_118,,10,2000.0
__export__.plan_contratacion_idu_plan_pagos_item_119,,11,100.0
__export__.plan_contratacion_idu_plan_pagos_item_120,,12,50.0
__export__.plan_contratacion_idu_plan_pagos_item_121,,1,1000.0
__export__.plan_contratacion_idu_plan_pagos_item_122,,2,500.0
__export__.plan_contratacion_idu_plan_pagos_item_123,,3,2000.0
__export__.plan_contratacion_idu_plan_pagos_item_124,,4,100.0
__export__.plan_contratacion_idu_plan_pagos_item_125,,5,50.0
__export__.plan_contratacion_idu_plan_pagos_item_126,,6,1000.0
__export__.plan_contratacion_idu_plan_pagos_item_127,,7,500.0
__export__.plan_contratacion_idu_plan_pagos_item_128,,8,2000.0
__export__.plan_contratacion_idu_plan_pagos_item_129,,9,100.0
__export__.plan_contratacion_idu_plan_pagos_item_130,,10,50.0
__export__.plan_contratacion_idu_plan_pagos_item_131,,11,1000.0
__export__.plan_contratacion_idu_plan_pagos_item_132,,12,500.0
__export__.plan_contratacion_idu_plan_pagos_item_133,,1,2000.0
__export__.plan_contratacion_idu_plan_pagos_item_134,,2,100.0
__export__.plan_contratacion_idu_plan_pagos_item_135,,3,50.0
__export__.plan_contratacion_idu_plan_pagos_item_136,,4,1000.0
__export__.plan_contratacion_idu_plan_pagos_item_137,,5,500.0
__export__.plan_contratacion_idu_plan_pagos_item_138,,6,2000.0
__export__.plan_contratacion_idu_plan_pagos_item_139,,7,100.0
__export__.plan_contratacion_idu_plan_pagos_item_140,,8,50.0
__export__.plan_contratacion_idu_plan_pagos_item_141,,9,1000.0
__export__.plan_contratacion_idu_plan_pagos_item_142,,10,500.0
__export__.plan_contratacion_idu_plan_pagos_item_143,,11,2000.0
__export__.plan_contratacion_idu_plan_pagos_item_144,,12,100.0
__export__.plan_contratacion_idu_plan_pagos_item_145,,1,50.0
__export__.plan_contratacion_idu_plan_pagos_item_146,,2,1000.0
__export__.plan_contratacion_idu_plan_pagos_item_147,,3,500.0
__export__.plan_contratacion_idu_plan_pagos_item_148,,4,2000.0
__export__.plan_contratacion_idu_plan_pagos_item_149,,5,100.0
__export__.plan_contratacion_idu_plan_pagos_item_150,,6,50.0
__export__.plan_contratacion_idu_plan_pagos_item_151,,7,1000.0
__export__.plan_contratacion_idu_plan_pagos_item_152,,8,500.0
__export__.plan_contratacion_idu_plan_pagos_item_153,,9,2000.0
__export__.plan_contratacion_idu_plan_pagos_item_154,,10,100.0
__export__.plan_contratacion_idu_plan_pagos_item_155,,11,50.0
__export__.plan_contratacion_idu_plan_pagos_item_156,,12,1000.0
__export__.plan_contratacion_idu_plan_pagos_item_157,,1,500.0
__export__.plan_contratacion_idu_plan_pagos_item_158,,2,2000.0
__export__.plan_contratacion_idu_plan_pagos_item_159,,3,100.0
__export__.plan_contratacion_idu_plan_pagos_item_160,,4,50.0
__export__.plan_contratacion_idu_plan_pagos_item_161,,5,1000.0
__export__.plan_contratacion_idu_plan_pagos_item_162,,6,500.0
__export__.plan_contratacion_idu_plan_pagos_item_163,,7,2000.0
__export__.plan_contratacion_idu_plan_pagos_item_164,,8,100.0
__export__.plan_contratacion_idu_plan_pagos_item_165,,9,50.0
__export__.plan_contratacion_idu_plan_pagos_item_166,,10,1000.0
__export__.plan_contratacion_idu_plan_pagos_item_167,,11,500.0
__export__.plan_contratacion_idu_plan_pagos_item_168,,12,2000.0
__export__.plan_contratacion_idu_plan_pagos_item_169,,1,100.0
__export__.plan_contratacion_idu_plan_pagos_item_170,,2,50.0
__export__.plan_contratacion_idu_plan_pagos_item_171,,3,1000.0
__export__.plan_contratacion_idu_plan_pagos_item_172,,4,500.0
__export__.plan_contratacion_idu_plan_pagos_item_173,,5,2000.0
__export__.plan_contratacion_idu_plan_pagos_item_174,,6,100.0
__export__.plan_contratacion_idu_plan_pagos_item_175,,7,50.0
__export__.plan_contratacion_idu_plan_pagos_item_176,,8,1000.0
__export__.plan_contratacion_idu_plan_pagos_item_177,,9,500.0
__export__.plan_contratacion_idu_plan_pagos_item_178,,10,2000.0
__export__.plan_contratacion_idu_plan_pagos_item_179,,11,100.0
__export__.plan_contratacion_idu_plan_pagos_item_180,,12,50.0
__export__.plan_contratacion_idu_plan_pagos_item_181,,1,1000.0
__export__.plan_contratacion_idu_plan_pagos_item_182,,2,500.0
__export__.plan_contratacion_idu_plan_pagos_item_183,,3,2000.0
__export__.plan_contratacion_idu_plan_pagos_item_184,,4,100.0
__export__.plan_contratacion_idu_plan_pagos_item_185,,5,50.0
__export__.plan_contratacion_idu_plan_pagos_item_186,,6,1000.0
__export__.plan_contratacion_idu_plan_pagos_item_187,,7,500.0
__export__.plan_contratacion_idu_plan_pagos_item_188,,8,2000.0
__export__.plan_contratacion_idu_plan_pagos_item_189,,9,100.0
__export__.plan_contratacion_idu_plan_pagos_item_190,,10,50.0
__export__.plan_contratacion_idu_plan_pagos_item_191,,11,1000.0
__export__.plan_contratacion_idu_plan_pagos_item_192,,12,500.0
__export__.plan_contratacion_idu_plan_pagos_item_193,,1,2000.0
__export__.plan_contratacion_idu_plan_pagos_item_194,,2,100.0
__export__.plan_contratacion_idu_plan_pagos_item_195,,3,50.0
__export__.plan_contratacion_idu_plan_pagos_item_196,,4,1000.0
__export__.plan_contratacion_idu_plan_pagos_item_197,,5,500.0
__export__.plan_contratacion_idu_plan_pagos_item_198,,6,2000.0
__export__.plan_contratacion_idu_plan_pagos_item_199,,7,100.0
__export__.plan_contratacion_idu_plan_pagos_item_200,,8,50.0
__export__.plan_contratacion_idu_plan_pagos_item_201,,9,1000.0
__export__.plan_contratacion_idu_plan_pagos_item_202,,10,500.0
__export__.plan_contratacion_idu_plan_pagos_item_203,,11,2000.0
__export__.plan_contratacion_idu_plan_pagos_item_204,,12,100.0
__export__.plan_contratacion_idu_plan_pagos_item_205,,1,50.0
__export__.plan_contratacion_idu_plan_pagos_item_206,,2,1000.0
__export__.plan_contratacion_idu_plan_pagos_item_207,,3,500.0
__export__.plan_contratacion_idu_plan_pagos_item_208,,4,2000.0
__export__.plan_contratacion_idu_plan_pagos_item_209,,5,100.0
__export__.plan_contratacion_idu_plan_pagos_item_210,,6,50.0
__export__.plan_contratacion_idu_plan_pagos_item_211,,7,1000.0
__export__.plan_contratacion_idu_plan_pagos_item_212,,8,500.0
__export__.plan_contratacion_idu_plan_pagos_item_213,,9,2000.0
__export__.plan_contratacion_idu_plan_pagos_item_214,,10,100.0
__export__.plan_contratacion_idu_plan_pagos_item_215,,11,50.0
__export__.plan_contratacion_idu_plan_pagos_item_216,,12,1000.0
__export__.plan_contratacion_idu_plan_pagos_item_217,,1,500.0
__export__.plan_contratacion_idu_plan_pagos_item_218,,2,2000.0
__export__.plan_contratacion_idu_plan_pagos_item_219,,3,100.0
__export__.plan_contratacion_idu_plan_pagos_item_220,,4,50.0
__export__.plan_contratacion_idu_plan_pagos_item_221,,5,1000.0
__export__.plan_contratacion_idu_plan_pagos_item_222,,6,500.0
__export__.plan_contratacion_idu_plan_pagos_item_223,,7,2000.0
__export__.plan_contratacion_idu_plan_pagos_item_224,,8,100.0
__export__.plan_contratacion_idu_plan_pagos_item_225,,9,50.0
__export__.plan_contratacion_idu_plan_pagos_item_226,,10,1000.0
__export__.plan_contratacion_idu_plan_pagos_item_227,,11,500.0
__export__.plan_contratacion_idu_plan_pagos_item_228,,12,2000.0
__export__.plan_contratacion_idu_plan_pagos_item_229,,1,100.0
__export__.plan_contratacion_idu_plan_pagos_item_230,,2,50.0
__export__.plan_contratacion_idu_plan_pagos_item_231,,3,1000.0
__export__.plan_contratacion_idu_plan_pagos_item_232,,4,500.0
__export__.plan_contratacion_idu_plan_pagos_item_233,,5,2000.0
__export__.plan_contratacion_idu_plan_pagos_item_234,,6,100.0
__export__.plan_contratacion_idu_plan_pagos_item_235,,7,50.0
__export__.plan_contratacion_idu_plan_pagos_item_236,,8,1000.0
__export__.plan_contratacion_idu_plan_pagos_item_237,,9,500.0
__export__.plan_contratacion_idu_plan_pagos_item_238,,10,2000.0
__export__.plan_contratacion_idu_plan_pagos_item_239,,11,100.0
__export__.plan_contratacion_idu_plan_pagos_item_240,,12,50.0
__export__.plan_contratacion_idu_plan_pagos_item_241,,1,1000.0
__export__.plan_contratacion_idu_plan_pagos_item_242,,2,500.0
__export__.plan_contratacion_idu_plan_pagos_item_243,,3,2000.0
__export__.plan_contratacion_idu_plan_pagos_item_244,,4,100.0
__export__.plan_contratacion_idu_plan_pagos_item_245,,5,50.0
__export__.plan_contratacion_idu_plan_pagos_item_246,,6,1000.0
__export__.plan_contratacion_idu_plan_pagos_item_247,,7,500.0
__export__.plan_contratacion_idu_plan_pagos_item_248,,8,2000.0
__export__.plan_contratacion_idu_plan_pagos_item_249,,9,100.0
__export__.plan_contratacion_idu_plan_pagos_item_250,,10,50.0
__export__.plan_contratacion_idu_plan_pagos_item_251,,11,1000.0
__export__.plan_contratacion_idu_plan_pagos_item_252,,12,500.0
__export__.plan_contratacion_idu_plan_pagos_item_253,,1,2000.0
__export__.plan_contratacion_idu_plan_pagos_item_254,,2,100.0
__export__.plan_contratacion_idu_plan_pagos_item_255,,3,50.0
__export__.plan_contratacion_idu_plan_pagos_item_256,,4,1000.0
__export__.plan_contratacion_idu_plan_pagos_item_257,,5,500.0
__export__.plan_contratacion_idu_plan_pagos_item_258,,6,2000.0
__export__.plan_contratacion_idu_plan_pagos_item_259,,7,100.0
__export__.plan_contratacion_idu_plan_pagos_item_260,,8,50.0
__export__.plan_contratacion_idu_plan_pagos_item_261,,9,1000.0
__export__.plan_contratacion_idu_plan_pagos_item_262,,10,500.0
__export__.plan_contratacion_idu_plan_pagos_item_263,,11,2000.0
__export__.plan_contratacion_idu_plan_pagos_item_264,,12,100.0
__export__.plan_contratacion_idu_plan_pagos_item_265,,1,50.0
__export__.plan_contratacion_idu_plan_pagos_item_266,,2,1000.0
__export__.plan_contratacion_idu_plan_pagos_item_267,,3,500.0
__export__.plan_contratacion_idu_plan_pagos_item_268,,4,2000.0
__export__.plan_contratacion_idu_plan_pagos_item_269,,5,100.0
__export__.plan_contratacion_idu_plan_pagos_item_270,,6,50.0
__export__.plan_contratacion_idu_plan_pagos_item_271,,7,1000.0
__export__.plan_contratacion_idu_plan_pagos_item_272,,8,500.0
__export__.plan_contratacion_idu_plan_pagos_item_273,,9,2000.0
__export__.plan_contratacion_idu_plan_pagos_item_274,,10,100.0
__export__.plan_contratacion_idu_plan_pagos_item_275,,11,50.0
__export__.plan_contratacion_idu_plan_pagos_item_276,,12,1000.0
__export__.plan_contratacion_idu_plan_pagos_item_277,,1,500.0
__export__.plan_contratacion_idu_plan_pagos_item_278,,2,2000.0
__export__.plan_contratacion_idu_plan_pagos_item_279,,3,100.0
__export__.plan_contratacion_idu_plan_pagos_item_280,,4,50.0
__export__.plan_contratacion_idu_plan_pagos_item_281,,5,1000.0
__export__.plan_contratacion_idu_plan_pagos_item_282,,6,500.0
__export__.plan_contratacion_idu_plan_pagos_item_283,,7,2000.0
__export__.plan_contratacion_idu_plan_pagos_item_284,,8,100.0
__export__.plan_contratacion_idu_plan_pagos_item_285,,9,50.0
__export__.plan_contratacion_idu_plan_pagos_item_286,,10,1000.0
__export__.plan_contratacion_idu_plan_pagos_item_287,,11,500.0
__export__.plan_contratacion_idu_plan_pagos_item_288,,12,2000.0
__export__.plan_contratacion_idu_plan_pagos_item_289,,1,100.0
__export__.plan_contratacion_idu_plan_pagos_item_290,,2,50.0
__export__.plan_contratacion_idu_plan_pagos_item_291,,3,1000.0
__export__.plan_contratacion_idu_plan_pagos_item_292,,4,500.0
__export__.plan_contratacion_idu_plan_pagos_item_293,,5,2000.0
__export__.plan_contratacion_idu_plan_pagos_item_294,,6,100.0
__export__.plan_contratacion_idu_plan_pagos_item_295,,7,50.0
__export__.plan_contratacion_idu_plan_pagos_item_296,,8,1000.0
__export__.plan_contratacion_idu_plan_pagos_item_297,,9,500.0
__export__.plan_contratacion_idu_plan_pagos_item_298,,10,2000.0
__export__.plan_contratacion_idu_plan_pagos_item_299,,11,100.0
__export__.plan_contratacion_idu_plan_pagos_item_300,,12,50.0
__export__.plan_contratacion_idu_plan_pagos_item_301,,1,1000.0
__export__.plan_contratacion_idu_plan_pagos_item_302,,2,500.0
__export__.plan_contratacion_idu_plan_pagos_item_303,,3,2000.0
__export__.plan_contratacion_idu_plan_pagos_item_304,,4,100.0
__export__.plan_contratacion_idu_plan_pagos_item_305,,5,50.0
__export__.plan_contratacion_idu_plan_pagos_item_306,,6,1000.0
__export__.plan_contratacion_idu_plan_pagos_item_307,,7,500.0
__export__.plan_contratacion_idu_plan_pagos_item_308,,8,2000.0
__export__.plan_contratacion_idu_plan_pagos_item_309,,9,100.0
__export__.plan_contratacion_idu_plan_pagos_item_310,,10,50.0
__export__.plan_contratacion_idu_plan_pagos_item_311,,11,1000.0
__export__.plan_contratacion_idu_plan_pagos_item_312,,12,500.0
__export__.plan_contratacion_idu_plan_pagos_item_313,,1,2000.0
__export__.plan_contratacion_idu_plan_pagos_item_314,,2,100.0
__export__.plan_contratacion_idu_plan_pagos_item_315,,3,50.0
__export__.plan_contratacion_idu_plan_pagos_item_316,,4,1000.0
__export__.plan_contratacion_idu_plan_pagos_item_317,,5,500.0
__export__.plan_contratacion_idu_plan_pagos_item_318,,6,2000.0
__export__.plan_contratacion_idu_plan_pagos_item_319,,7,100.0
__export__.plan_contratacion_idu_plan_pagos_item_320,,8,50.0
__export__.plan_contratacion_idu_plan_pagos_item_321,,9,1000.0
__export__.plan_contratacion_idu_plan_pagos_item_322,,10,500.0
__export__.plan_contratacion_idu_plan_pagos_item_323,,11,2000.0
__export__.plan_contratacion_idu_plan_pagos_item_324,,12,100.0
__export__.plan_contratacion_idu_plan_pagos_item_325,,1,50.0
__export__.plan_contratacion_idu_plan_pagos_item_326,,2,1000.0
__export__.plan_contratacion_idu_plan_pagos_item_327,,3,500.0
__export__.plan_contratacion_idu_plan_pagos_item_328,,4,2000.0
__export__.plan_contratacion_idu_plan_pagos_item_329,,5,100.0
__export__.plan_contratacion_idu_plan_pagos_item_330,,6,50.0
__export__.plan_contratacion_idu_plan_pagos_item_331,,7,1000.0
__export__.plan_contratacion_idu_plan_pagos_item_332,,8,500.0
__export__.plan_contratacion_idu_plan_pagos_item_333,,9,2000.0
__export__.plan_contratacion_idu_plan_pagos_item_334,,10,100.0
__export__.plan_contratacion_idu_plan_pagos_item_335,,11,50.0
__export__.plan_contratacion_idu_plan_pagos_item_336,,12,1000.0
__export__.plan_contratacion_idu_plan_pagos_item_337,,1,500.0
__export__.plan_contratacion_idu_plan_pagos_item_338,,2,2000.0
__export__.plan_contratacion_idu_plan_pagos_item_339,,3,100.0
__export__.plan_contratacion_idu_plan_pagos_item_340,,4,50.0
__export__.plan_contratacion_idu_plan_pagos_item_341,,5,1000.0
__export__.plan_contratacion_idu_plan_pagos_item_342,,6,500.0
__export__.plan_contratacion_idu_plan_pagos_item_343,,7,2000.0
__export__.plan_contratacion_idu_plan_pagos_item_344,,8,100.0
__export__.plan_contratacion_idu_plan_pagos_item_345,,9,50.0
__export__.plan_contratacion_idu_plan_pagos_item_346,,10,1000.0
__export__.plan_contratacion_idu_plan_pagos_item_347,,11,500.0
__export__.plan_contratacion_idu_plan_pagos_item_348,,12,2000.0
__export__.plan_contratacion_idu_plan_pagos_item_349,,1,100.0
__export__.plan_contratacion_idu_plan_pagos_item_350,,2,50.0
__export__.plan_contratacion_idu_plan_pagos_item_351,,3,1000.0
__export__.plan_contratacion_idu_plan_pagos_item_352,,4,500.0
__export__.plan_contratacion_idu_plan_pagos_item_353,,5,2000.0
__export__.plan_contratacion_idu_plan_pagos_item_354,,6,100.0
__export__.plan_contratacion_idu_plan_pagos_item_355,,7,50.0
__export__.plan_contratacion_idu_plan_pagos_item_356,,8,1000.0
__export__.plan_contratacion_idu_plan_pagos_item_357,,9,500.0
__export__.plan_contratacion_idu_plan_pagos_item_358,,10,2000.0
__export__.plan_contratacion_idu_plan_pagos_item_359,,11,100.0
__export__.plan_contratacion_idu_plan_pagos_item_360,,12,50.0
__export__.plan_contratacion_idu_plan_pagos_item_361,,1,1000.0
__export__.plan_contratacion_idu_plan_pagos_item_362,,2,500.0
__export__.plan_contratacion_idu_plan_pagos_item_363,,3,2000.0
__export__.plan_contratacion_idu_plan_pagos_item_364,,4,100.0
__export__.plan_contratacion_idu_plan_pagos_item_365,,5,50.0
__export__.plan_contratacion_idu_plan_pagos_item_366,,6,1000.0
__export__.plan_contratacion_idu_plan_pagos_item_367,,7,500.0
__export__.plan_contratacion_idu_plan_pagos_item_368,,8,2000.0
__export__.plan_contratacion_idu_plan_pagos_item_369,,9,100.0
__export__.plan_contratacion_idu_plan_pagos_item_370,,10,50.0
__export__.plan_contratacion_idu_plan_pagos_item_371,,11,1000.0
__export__.plan_contratacion_idu_plan_pagos_item_372,,12,500.0
__export__.plan_contratacion_idu_plan_pagos_item_373,,1,2000.0
__export__.plan_contratacion_idu_plan_pagos_item_374,,2,100.0
__export__.plan_contratacion_idu_plan_pagos_item_375,,3,50.0
__export__.plan_contratacion_idu_plan_pagos_item_376,,4,1000.0
__export__.plan_contratacion_idu_plan_pagos_item_377,,5,500.0
__export__.plan_contratacion_idu_plan_pagos_item_378,,6,2000.0
__export__.plan_contratacion_idu_plan_pagos_item_379,,7,100.0
__export__.plan_contratacion_idu_plan_pagos_item_380,,8,50.0
__export__.plan_contratacion_idu_plan_pagos_item_381,,9,1000.0
__export__.plan_contratacion_idu_plan_pagos_item_382,,10,500.0
__export__.plan_contratacion_idu_plan_pagos_item_383,,11,2000.0
__export__.plan_contratacion_idu_plan_pagos_item_384,,12,100.0
__export__.plan_contratacion_idu_plan_pagos_item_385,,1,50.0
__export__.plan_contratacion_idu_plan_pagos_item_386,,2,1000.0
__export__.plan_contratacion_idu_plan_pagos_item_387,,3,500.0
__export__.plan_contratacion_idu_plan_pagos_item_388,,4,2000.0
__export__.plan_contratacion_idu_plan_pagos_item_389,,5,100.0
__export__.plan_contratacion_idu_plan_pagos_item_390,,6,50.0
__export__.plan_contratacion_idu_plan_pagos_item_391,,7,1000.0
__export__.plan_contratacion_idu_plan_pagos_item_392,,8,500.0
__export__.plan_contratacion_idu_plan_pagos_item_393,,9,2000.0
__export__.plan_contratacion_idu_plan_pagos_item_394,,10,100.0
__export__.plan_contratacion_idu_plan_pagos_item_395,,11,50.0
__export__.plan_contratacion_idu_plan_pagos_item_396,,12,1000.0
__export__.plan_contratacion_idu_plan_pagos_item_397,,1,500.0
__export__.plan_contratacion_idu_plan_pagos_item_398,,2,2000.0
__export__.plan_contratacion_idu_plan_pagos_item_399,,3,100.0
__export__.plan_contratacion_idu_plan_pagos_item_400,,4,50.0
__export__.plan_contratacion_idu_plan_pagos_item_401,,5,1000.0
__export__.plan_contratacion_idu_plan_pagos_item_402,,6,500.0
__export__.plan_contratacion_idu_plan_pagos_item_403,,7,2000.0
__export__.plan_contratacion_idu_plan_pagos_item_404,,8,100.0
__export__.plan_contratacion_idu_plan_pagos_item_405,,9,50.0
__export__.plan_contratacion_idu_plan_pagos_item_406,,10,1000.0
__export__.plan_contratacion_idu_plan_pagos_item_407,,11,500.0
__export__.plan_contratacion_idu_plan_pagos_item_408,,12,2000.0
__export__.plan_contratacion_idu_plan_pagos_item_409,,1,100.0
__export__.plan_contratacion_idu_plan_pagos_item_410,,2,50.0
__export__.plan_contratacion_idu_plan_pagos_item_411,,3,1000.0
__export__.plan_contratacion_idu_plan_pagos_item_412,,4,500.0
__export__.plan_contratacion_idu_plan_pagos_item_413,,5,2000.0
__export__.plan_contratacion_idu_plan_pagos_item_414,,6,100.0
__export__.plan_contratacion_idu_plan_pagos_item_415,,7,50.0
__export__.plan_contratacion_idu_plan_pagos_item_416,,8,1000.0
__export__.plan_contratacion_idu_plan_pagos_item_417,,9,500.0
__export__.plan_contratacion_idu_plan_pagos_item_418,,10,2000.0
__export__.plan_contratacion_idu_plan_pagos_item_419,,11,100.0
__export__.plan_contratacion_idu_plan_pagos_item_420,,12,50.0
__export__.plan_contratacion_idu_plan_pagos_item_421,,1,1000.0
__export__.plan_contratacion_idu_plan_pagos_item_422,,2,500.0
__export__.plan_contratacion_idu_plan_pagos_item_423,,3,2000.0
__export__.plan_contratacion_idu_plan_pagos_item_424,,4,100.0
__export__.plan_contratacion_idu_plan_pagos_item_425,,5,50.0
__export__.plan_contratacion_idu_plan_pagos_item_426,,6,1000.0
__export__.plan_contratacion_idu_plan_pagos_item_427,,7,500.0
__export__.plan_contratacion_idu_plan_pagos_item_428,,8,2000.0
__export__.plan_contratacion_idu_plan_pagos_item_429,,9,100.0
__export__.plan_contratacion_idu_plan_pagos_item_430,,10,50.0
__export__.plan_contratacion_idu_plan_pagos_item_431,,11,1000.0
__export__.plan_contratacion_idu_plan_pagos_item_432,,12,500.0
__export__.plan_contratacion_idu_plan_pagos_item_433,,1,2000.0
__export__.plan_contratacion_idu_plan_pagos_item_434,,2,100.0
__export__.plan_contratacion_idu_plan_pagos_item_435,,3,50.0
__export__.plan_contratacion_idu_plan_pagos_item_436,,4,1000.0
__export__.plan_contratacion_idu_plan_pagos_item_437,,5,500.0
__export__.plan_contratacion_idu_plan_pagos_item_438,,6,2000.0
__export__.plan_contratacion_idu_plan_pagos_item_439,,7,100.0
__export__.plan_contratacion_idu_plan_pagos_item_440,,8,50.0
__export__.plan_contratacion_idu_plan_pagos_item_441,,9,1000.0
__export__.plan_contratacion_idu_plan_pagos_item_442,,10,500.0
__export__.plan_contratacion_idu_plan_pagos_item_443,,11,2000.0
__export__.plan_contratacion_idu_plan_pagos_item_444,,12,100.0
__export__.plan_contratacion_idu_plan_pagos_item_445,,1,50.0
__export__.plan_contratacion_idu_plan_pagos_item_446,,2,1000.0
__export__.plan_contratacion_idu_plan_pagos_item_447,,3,500.0
__export__.plan_contratacion_idu_plan_pagos_item_448,,4,2000.0
__export__.plan_contratacion_idu_plan_pagos_item_449,,5,100.0
__export__.plan_contratacion_idu_plan_pagos_item_450,,6,50.0
__export__.plan_contratacion_idu_plan_pagos_item_451,,7,1000.0
__export__.plan_contratacion_idu_plan_pagos_item_452,,8,500.0
__export__.plan_contratacion_idu_plan_pagos_item_453,,9,2000.0
__export__.plan_contratacion_idu_plan_pagos_item_454,,10,100.0
__export__.plan_contratacion_idu_plan_pagos_item_455,,11,50.0
__export__.plan_contratacion_idu_plan_pagos_item_456,,12,1000.0
__export__.plan_contratacion_idu_plan_pagos_item_457,,1,500.0
__export__.plan_contratacion_idu_plan_pagos_item_458,,2,2000.0
__export__.plan_contratacion_idu_plan_pagos_item_459,,3,100.0
__export__.plan_contratacion_idu_plan_pagos_item_460,,4,50.0
__export__.plan_contratacion_idu_plan_pagos_item_461,,5,1000.0
__export__.plan_contratacion_idu_plan_pagos_item_462,,6,500.0
__export__.plan_contratacion_idu_plan_pagos_item_463,,7,2000.0
__export__.plan_contratacion_idu_plan_pagos_item_464,,8,100.0
__export__.plan_contratacion_idu_plan_pagos_item_465,,9,50.0
__export__.plan_contratacion_idu_plan_pagos_item_466,,10,1000.0
__export__.plan_contratacion_idu_plan_pagos_item_467,,11,500.0
__export__.plan_contratacion_idu_plan_pagos_item_468,,12,2000.0
__export__.plan_contratacion_idu_plan_pagos_item_469,,1,100.0
__export__.plan_contratacion_idu_plan_pagos_item_470,,2,50.0
__export__.plan_contratacion_idu_plan_pagos_item_471,,3,1000.0
__export__.plan_contratacion_idu_plan_pagos_item_472,,4,500.0
__export__.plan_contratacion_idu_plan_pagos_item_473,,5,2000.0
__export__.plan_contratacion_idu_plan_pagos_item_474,,6,100.0
__export__.plan_contratacion_idu_plan_pagos_item_475,,7,50.0
__export__.plan_contratacion_idu_plan_pagos_item_476,,8,1000.0
__export__.plan_contratacion_idu_plan_pagos_item_477,,9,500.0
__export__.plan_contratacion_idu_plan_pagos_item_478,,10,2000.0
__export__.plan_contratacion_idu_plan_pagos_item_479,,11,100.0
__export__.plan_contratacion_idu_plan_pagos_item_480,,12,50.0
__export__.plan_contratacion_idu_plan_pagos_item_481,,1,1000.0
__export__.plan_contratacion_idu_plan_pagos_item_482,,2,500.0
__export__.plan_contratacion_idu_plan_pagos_item_483,,3,2000.0
__export__.plan_contratacion_idu_plan_pagos_item_484,,4,100.0
__export__.plan_contratacion_idu_plan_pagos_item_485,,5,50.0
__export__.plan_contratacion_idu_plan_pagos_item_486,,6,1000.0
__export__.plan_contratacion_idu_plan_pagos_item_487,,7,500.0
__export__.plan_contratacion_idu_plan_pagos_item_488,,8,2000.0
__export__.plan_contratacion_idu_plan_pagos_item_489,,9,100.0
__export__.plan_contratacion_idu_plan_pagos_item_490,,10,50.0
__export__.plan_contratacion_idu_plan_pagos_item_491,,11,1000.0
__export__.plan_contratacion_idu_plan_pagos_item_492,,12,500.0
__export__.plan_contratacion_idu_plan_pagos_item_493,,1,2000.0
__export__.plan_contratacion_idu_plan_pagos_item_494,,2,100.0
__export__.plan_contratacion_idu_plan_pagos_item_495,,3,50.0
__export__.plan_contratacion_idu_plan_pagos_item_496,,4,1000.0
__export__.plan_contratacion_idu_plan_pagos_item_497,,5,500.0
__export__.plan_contratacion_idu_plan_pagos_item_498,,6,2000.0
__export__.plan_contratacion_idu_plan_pagos_item_499,,7,100.0
__export__.plan_contratacion_idu_plan_pagos_item_500,,8,50.0
__export__.plan_contratacion_idu_plan_pagos_item_501,,9,1000.0
__export__.plan_contratacion_idu_plan_pagos_item_502,,10,500.0
__export__.plan_contratacion_idu_plan_pagos_item_503,,11,2000.0
__export__.plan_contratacion_idu_plan_pagos_item_504,,12,100.0
__export__.plan_contratacion_idu_plan_pagos_item_505,,1,50.0
__export__.plan_contratacion_idu_plan_pagos_item_506,,2,1000.0
__export__.plan_contratacion_idu_plan_pagos_item_507,,3,500.0
__export__.plan_contratacion_idu_plan_pagos_item_508,,4,2000.0
__export__.plan_contratacion_idu_plan_pagos_item_509,,5,100.0
__export__.plan_contratacion_idu_plan_pagos_item_510,,6,50.0
__export__.plan_contratacion_idu_plan_pagos_item_511,,7,1000.0
__export__.plan_contratacion_idu_plan_pagos_item_512,,8,500.0
__export__.plan_contratacion_idu_plan_pagos_item_513,,9,2000.0
__export__.plan_contratacion_idu_plan_pagos_item_514,,10,100.0
__export__.plan_contratacion_idu_plan_pagos_item_515,,11,50.0
__export__.plan_contratacion_idu_plan_pagos_item_516,,12,1000.0
__export__.plan_contratacion_idu_plan_pagos_item_517,,1,500.0
__export__.plan_contratacion_idu_plan_pagos_item_518,,2,2000.0
__export__.plan_contratacion_idu_plan_pagos_item_519,,3,100.0
__export__.plan_contratacion_idu_plan_pagos_item_520,,4,50.0
__export__.plan_contratacion_idu_plan_pagos_item_521,,5,1000.0
__export__.plan_contratacion_idu_plan_pagos_item_522,,6,500.0
__export__.plan_contratacion_idu_plan_pagos_item_523,,7,2000.0
__export__.plan_contratacion_idu_plan_pagos_item_524,,8,100.0
__export__.plan_contratacion_idu_plan_pagos_item_525,,9,50.0
__export__.plan_contratacion_idu_plan_pagos_item_526,,10,1000.0
__export__.plan_contratacion_idu_plan_pagos_item_527,,11,500.0
__export__.plan_contratacion_idu_plan_pagos_item_528,,12,2000.0
__export__.plan_contratacion_idu_plan_pagos_item_529,,1,100.0
__export__.plan_contratacion_idu_plan_pagos_item_530,,2,50.0
__export__.plan_contratacion_idu_plan_pagos_item_531,,3,1000.0
__export__.plan_contratacion_idu_plan_pagos_item_532,,4,500.0
__export__.plan_contratacion_idu_plan_pagos_item_533,,5,2000.0
__export__.plan_contratacion_idu_plan_pagos_item_534,,6,100.0
__export__.plan_contratacion_idu_plan_pagos_item_535,,7,50.0
__export__.plan_contratacion_idu_plan_pagos_item_536,,8,1000.0
__export__.plan_contratacion_idu_plan_pagos_item_537,,9,500.0
__export__.plan_contratacion_idu_plan_pagos_item_538,,10,2000.0
__export__.plan_contratacion_idu_plan_pagos_item_539,,11,100.0
__export__.plan_contratacion_idu_plan_pagos_item_540,,12,50.0
__export__.plan_contratacion_idu_plan_pagos_item_541,,1,1000.0
__export__.plan_contratacion_idu_plan_pagos_item_542,,2,500.0
__export__.plan_contratacion_idu_plan_pagos_item_543,,3,2000.0
__export__.plan_contratacion_idu_plan_pagos_item_544,,4,100.0
__export__.plan_contratacion_idu_plan_pagos_item_545,,5,50.0
__export__.plan_contratacion_idu_plan_pagos_item_546,,6,1000.0
__export__.plan_contratacion_idu_plan_pagos_item_547,,7,500.0
__export__.plan_contratacion_idu_plan_pagos_item_548,,8,2000.0
__export__.plan_contratacion_idu_plan_pagos_item_549,,9,100.0
__export__.plan_contratacion_idu_plan_pagos_item_550,,10,50.0
__export__.plan_contratacion_idu_plan_pagos_item_551,,11,100.0
__export__.plan_contratacion_idu_plan_pagos_item_552,,12,50.0
__export__.plan_contratacion_idu_plan_pagos_item_553,,1,1000.0
__export__.plan_contratacion_idu_plan_pagos_item_554,,2,500.0
__export__.plan_contratacion_idu_plan_pagos_item_555,,3,2000.0
__export__.plan_contratacion_idu_plan_pagos_item_556,,4,100.0
__export__.plan_contratacion_idu_plan_pagos_item_557,,5,50.0
__export__.plan_contratacion_idu_plan_pagos_item_558,,6,1000.0
__export__.plan_contratacion_idu_plan_pagos_item_559,,7,500.0
__export__.plan_contratacion_idu_plan_pagos_item_560,,8,2000.0
__export__.plan_contratacion_idu_plan_pagos_item_561,,9,100.0
__export__.plan_contratacion_idu_plan_pagos_item_562,,10,50.0
__export__.plan_contratacion_idu_plan_pagos_item_563,,11,1000.0
__export__.plan_contratacion_idu_plan_pagos_item_564,,12,500.0
__export__.plan_contratacion_idu_plan_pagos_item_565,,1,2000.0
__export__.plan_contratacion_idu_plan_pagos_item_566,,2,100.0
__export__.plan_contratacion_idu_plan_pagos_item_567,,3,50.0
__export__.plan_contratacion_idu_plan_pagos_item_568,,4,1000.0
__export__.plan_contratacion_idu_plan_pagos_item_569,,5,500.0
__export__.plan_contratacion_idu_plan_pagos_item_570,,6,2000.0
__export__.plan_contratacion_idu_plan_pagos_item_571,,7,100.0
__export__.plan_contratacion_idu_plan_pagos_item_572,,8,50.0
__export__.plan_contratacion_idu_plan_pagos_item_573,,9,1000.0
__export__.plan_contratacion_idu_plan_pagos_item_574,,10,500.0
__export__.plan_contratacion_idu_plan_pagos_item_575,,11,2000.0
__export__.plan_contratacion_idu_plan_pagos_item_576,,12,100.0
__export__.plan_contratacion_idu_plan_pagos_item_577,,1,50.0
__export__.plan_contratacion_idu_plan_pagos_item_578,,2,1000.0
__export__.plan_contratacion_idu_plan_pagos_item_579,,3,500.0
__export__.plan_contratacion_idu_plan_pagos_item_580,,4,2000.0
__export__.plan_contratacion_idu_plan_pagos_item_581,,5,100.0
__export__.plan_contratacion_idu_plan_pagos_item_582,,6,50.0
__export__.plan_contratacion_idu_plan_pagos_item_583,,7,1000.0
__export__.plan_contratacion_idu_plan_pagos_item_584,,8,500.0
__export__.plan_contratacion_idu_plan_pagos_item_585,,9,2000.0
__export__.plan_contratacion_idu_plan_pagos_item_586,,10,100.0
__export__.plan_contratacion_idu_plan_pagos_item_587,,11,50.0
__export__.plan_contratacion_idu_plan_pagos_item_588,,12,1000.0
__export__.plan_contratacion_idu_plan_pagos_item_589,,1,500.0
__export__.plan_contratacion_idu_plan_pagos_item_590,,2,2000.0
__export__.plan_contratacion_idu_plan_pagos_item_591,,3,100.0
__export__.plan_contratacion_idu_plan_pagos_item_592,,4,50.0
__export__.plan_contratacion_idu_plan_pagos_item_593,,5,1000.0
__export__.plan_contratacion_idu_plan_pagos_item_594,,6,500.0
__export__.plan_contratacion_idu_plan_pagos_item_595,,7,2000.0
__export__.plan_contratacion_idu_plan_pagos_item_596,,8,100.0
__export__.plan_contratacion_idu_plan_pagos_item_597,,9,50.0
__export__.plan_contratacion_idu_plan_pagos_item_598,,10,1000.0
__export__.plan_contratacion_idu_plan_pagos_item_599,,11,500.0
__export__.plan_contratacion_idu_plan_pagos_item_600,,12,2000.0
__export__.plan_contratacion_idu_plan_pagos_item_601,,1,100.0
__export__.plan_contratacion_idu_plan_pagos_item_602,,2,50.0
__export__.plan_contratacion_idu_plan_pagos_item_603,,3,1000.0
__export__.plan_contratacion_idu_plan_pagos_item_604,,4,500.0
__export__.plan_contratacion_idu_plan_pagos_item_605,,5,2000.0
__export__.plan_contratacion_idu_plan_pagos_item_606,,6,100.0
__export__.plan_contratacion_idu_plan_pagos_item_607,,7,50.0
__export__.plan_contratacion_idu_plan_pagos_item_608,,8,1000.0
__export__.plan_contratacion_idu_plan_pagos_item_609,,9,500.0
__export__.plan_contratacion_idu_plan_pagos_item_610,,10,2000.0
__export__.plan_contratacion_idu_plan_pagos_item_611,,11,100.0
__export__.plan_contratacion_idu_plan_pagos_item_612,,12,50.0
__export__.plan_contratacion_idu_plan_pagos_item_613,,1,1000.0
__export__.plan_contratacion_idu_plan_pagos_item_614,,2,500.0
__export__.plan_contratacion_idu_plan_pagos_item_615,,3,2000.0
__export__.plan_contratacion_idu_plan_pagos_item_616,,4,100.0
__export__.plan_contratacion_idu_plan_pagos_item_617,,5,50.0
__export__.plan_contratacion_idu_plan_pagos_item_618,,6,1000.0
__export__.plan_contratacion_idu_plan_pagos_item_619,,7,500.0
__export__.plan_contratacion_idu_plan_pagos_item_620,,8,2000.0
__export__.plan_contratacion_idu_plan_pagos_item_621,,9,100.0
__export__.plan_contratacion_idu_plan_pagos_item_622,,10,50.0
__export__.plan_contratacion_idu_plan_pagos_item_623,,11,1000.0
__export__.plan_contratacion_idu_plan_pagos_item_624,,12,500.0
__export__.plan_contratacion_idu_plan_pagos_item_625,,1,2000.0
__export__.plan_contratacion_idu_plan_pagos_item_626,,2,100.0
__export__.plan_contratacion_idu_plan_pagos_item_627,,3,50.0
__export__.plan_contratacion_idu_plan_pagos_item_628,,4,1000.0
__export__.plan_contratacion_idu_plan_pagos_item_629,,5,500.0
__export__.plan_contratacion_idu_plan_pagos_item_630,,6,2000.0
__export__.plan_contratacion_idu_plan_pagos_item_631,,7,100.0
__export__.plan_contratacion_idu_plan_pagos_item_632,,8,50.0
__export__.plan_contratacion_idu_plan_pagos_item_633,,9,1000.0
__export__.plan_contratacion_idu_plan_pagos_item_634,,10,500.0
__export__.plan_contratacion_idu_plan_pagos_item_635,,11,2000.0
__export__.plan_contratacion_idu_plan_pagos_item_636,,12,100.0
__export__.plan_contratacion_idu_plan_pagos_item_637,,1,50.0
__export__.plan_contratacion_idu_plan_pagos_item_638,,2,1000.0
__export__.plan_contratacion_idu_plan_pagos_item_639,,3,500.0
__export__.plan_contratacion_idu_plan_pagos_item_640,,4,2000.0
__export__.plan_contratacion_idu_plan_pagos_item_641,,5,100.0
__export__.plan_contratacion_idu_plan_pagos_item_642,,6,50.0
__export__.plan_contratacion_idu_plan_pagos_item_643,,7,1000.0
__export__.plan_contratacion_idu_plan_pagos_item_644,,8,500.0
__export__.plan_contratacion_idu_plan_pagos_item_645,,9,2000.0
__export__.plan_contratacion_idu_plan_pagos_item_646,,10,100.0
__export__.plan_contratacion_idu_plan_pagos_item_647,,11,50.0
__export__.plan_contratacion_idu_plan_pagos_item_648,,12,1000.0
__export__.plan_contratacion_idu_plan_pagos_item_649,,1,500.0
__export__.plan_contratacion_idu_plan_pagos_item_650,,2,2000.0
__export__.plan_contratacion_idu_plan_pagos_item_651,,3,100.0
__export__.plan_contratacion_idu_plan_pagos_item_652,,4,50.0
__export__.plan_contratacion_idu_plan_pagos_item_653,,5,1000.0
__export__.plan_contratacion_idu_plan_pagos_item_654,,6,500.0
__export__.plan_contratacion_idu_plan_pagos_item_655,,7,2000.0
__export__.plan_contratacion_idu_plan_pagos_item_656,,8,100.0
__export__.plan_contratacion_idu_plan_pagos_item_657,,9,50.0
__export__.plan_contratacion_idu_plan_pagos_item_658,,10,1000.0
__export__.plan_contratacion_idu_plan_pagos_item_659,,11,500.0
__export__.plan_contratacion_idu_plan_pagos_item_660,,12,2000.0
__export__.plan_contratacion_idu_plan_pagos_item_661,,1,100.0
__export__.plan_contratacion_idu_plan_pagos_item_662,,2,50.0
__export__.plan_contratacion_idu_plan_pagos_item_663,,3,1000.0
__export__.plan_contratacion_idu_plan_pagos_item_664,,4,500.0
__export__.plan_contratacion_idu_plan_pagos_item_665,,5,2000.0
__export__.plan_contratacion_idu_plan_pagos_item_666,,6,100.0
__export__.plan_contratacion_idu_plan_pagos_item_667,,7,50.0
__export__.plan_contratacion_idu_plan_pagos_item_668,,8,1000.0
__export__.plan_contratacion_idu_plan_pagos_item_669,,9,500.0
__export__.plan_contratacion_idu_plan_pagos_item_670,,10,2000.0
__export__.plan_contratacion_idu_plan_pagos_item_671,,11,100.0
__export__.plan_contratacion_idu_plan_pagos_item_672,,12,50.0
__export__.plan_contratacion_idu_plan_pagos_item_673,,1,1000.0
__export__.plan_contratacion_idu_plan_pagos_item_674,,2,500.0
__export__.plan_contratacion_idu_plan_pagos_item_675,,3,2000.0
__export__.plan_contratacion_idu_plan_pagos_item_676,,4,100.0
__export__.plan_contratacion_idu_plan_pagos_item_677,,5,50.0
__export__.plan_contratacion_idu_plan_pagos_item_678,,6,1000.0
__export__.plan_contratacion_idu_plan_pagos_item_679,,7,500.0
__export__.plan_contratacion_idu_plan_pagos_item_680,,8,2000.0
__export__.plan_contratacion_idu_plan_pagos_item_681,,9,100.0
__export__.plan_contratacion_idu_plan_pagos_item_682,,10,50.0
__export__.plan_contratacion_idu_plan_pagos_item_683,,11,1000.0
__export__.plan_contratacion_idu_plan_pagos_item_684,,12,500.0
__export__.plan_contratacion_idu_plan_pagos_item_685,,1,2000.0
__export__.plan_contratacion_idu_plan_pagos_item_686,,2,100.0
__export__.plan_contratacion_idu_plan_pagos_item_687,,3,50.0
__export__.plan_contratacion_idu_plan_pagos_item_688,,4,1000.0
__export__.plan_contratacion_idu_plan_pagos_item_689,,5,500.0
__export__.plan_contratacion_idu_plan_pagos_item_690,,6,2000.0
__export__.plan_contratacion_idu_plan_pagos_item_691,,7,100.0
__export__.plan_contratacion_idu_plan_pagos_item_692,,8,50.0
__export__.plan_contratacion_idu_plan_pagos_item_693,,9,1000.0
__export__.plan_contratacion_idu_plan_pagos_item_694,,10,500.0
__export__.plan_contratacion_idu_plan_pagos_item_695,,11,2000.0
__export__.plan_contratacion_idu_plan_pagos_item_696,,12,100.0
__export__.plan_contratacion_idu_plan_pagos_item_697,,1,50.0
__export__.plan_contratacion_idu_plan_pagos_item_698,,2,1000.0
__export__.plan_contratacion_idu_plan_pagos_item_699,,3,500.0
__export__.plan_contratacion_idu_plan_pagos_item_700,,4,2000.0
__export__.plan_contratacion_idu_plan_pagos_item_701,,5,100.0
__export__.plan_contratacion_idu_plan_pagos_item_702,,6,50.0
__export__.plan_contratacion_idu_plan_pagos_item_703,,7,1000.0
__export__.plan_contratacion_idu_plan_pagos_item_704,,8,500.0
__export__.plan_contratacion_idu_plan_pagos_item_705,,9,2000.0
__export__.plan_contratacion_idu_plan_pagos_item_706,,10,100.0
__export__.plan_contratacion_idu_plan_pagos_item_707,,11,50.0
__export__.plan_contratacion_idu_plan_pagos_item_708,,12,1000.0
__export__.plan_contratacion_idu_plan_pagos_item_709,,1,500.0
__export__.plan_contratacion_idu_plan_pagos_item_710,,2,2000.0
__export__.plan_contratacion_idu_plan_pagos_item_711,,3,100.0
__export__.plan_contratacion_idu_plan_pagos_item_712,,4,50.0
__export__.plan_contratacion_idu_plan_pagos_item_713,,5,1000.0
__export__.plan_contratacion_idu_plan_pagos_item_714,,6,500.0
__export__.plan_contratacion_idu_plan_pagos_item_715,,7,2000.0
__export__.plan_contratacion_idu_plan_pagos_item_716,,8,100.0
__export__.plan_contratacion_idu_plan_pagos_item_717,,9,50.0
__export__.plan_contratacion_idu_plan_pagos_item_718,,10,1000.0
__export__.plan_contratacion_idu_plan_pagos_item_719,,11,500.0
__export__.plan_contratacion_idu_plan_pagos_item_720,,12,2000.0
__export__.plan_contratacion_idu_plan_pagos_item_721,,1,100.0
__export__.plan_contratacion_idu_plan_pagos_item_722,,2,50.0
__export__.plan_contratacion_idu_plan_pagos_item_723,,3,1000.0
__export__.plan_contratacion_idu_plan_pagos_item_724,,4,500.0
__export__.plan_contratacion_idu_plan_pagos_item_725,,5,2000.0
__export__.plan_contratacion_idu_plan_pagos_item_726,,6,100.0
__export__.plan_contratacion_idu_plan_pagos_item_727,,7,50.0
__export__.plan_contratacion_idu_plan_pagos_item_728,,8,1000.0
__export__.plan_contratacion_idu_plan_pagos_item_729,,9,500.0
__export__.plan_contratacion_idu_plan_pagos_item_730,,10,2000.0
__export__.plan_contratacion_idu_plan_pagos_item_731,,11,100.0
__export__.plan_contratacion_idu_plan_pagos_item_732,,12,50.0
__export__.plan_contratacion_idu_plan_pagos_item_733,,1,1000.0
__export__.plan_contratacion_idu_plan_pagos_item_734,,2,500.0
__export__.plan_contratacion_idu_plan_pagos_item_735,,3,2000.0
__export__.plan_contratacion_idu_plan_pagos_item_736,,4,100.0
__export__.plan_contratacion_idu_plan_pagos_item_737,,5,50.0
__export__.plan_contratacion_idu_plan_pagos_item_738,,6,1000.0
__export__.plan_contratacion_idu_plan_pagos_item_739,,7,500.0
__export__.plan_contratacion_idu_plan_pagos_item_740,,8,2000.0
__export__.plan_contratacion_idu_plan_pagos_item_741,,9,100.0
__export__.plan_contratacion_idu_plan_pagos_item_742,,10,50.0
__export__.plan_contratacion_idu_plan_pagos_item_743,,11,1000.0
__export__.plan_contratacion_idu_plan_pagos_item_744,,12,500.0
__export__.plan_contratacion_idu_plan_pagos_item_745,,1,2000.0
__export__.plan_contratacion_idu_plan_pagos_item_746,,2,100.0
__export__.plan_contratacion_idu_plan_pagos_item_747,,3,50.0
__export__.plan_contratacion_idu_plan_pagos_item_748,,4,1000.0
__export__.plan_contratacion_idu_plan_pagos_item_749,,5,500.0
__export__.plan_contratacion_idu_plan_pagos_item_750,,6,2000.0
__export__.plan_contratacion_idu_plan_pagos_item_751,,7,100.0
__export__.plan_contratacion_idu_plan_pagos_item_752,,8,50.0
__export__.plan_contratacion_idu_plan_pagos_item_753,,9,1000.0
__export__.plan_contratacion_idu_plan_pagos_item_754,,10,500.0
__export__.plan_contratacion_idu_plan_pagos_item_755,,11,2000.0
__export__.plan_contratacion_idu_plan_pagos_item_756,,12,100.0
__export__.plan_contratacion_idu_plan_pagos_item_757,,1,50.0
__export__.plan_contratacion_idu_plan_pagos_item_758,,2,1000.0
__export__.plan_contratacion_idu_plan_pagos_item_759,,3,500.0
__export__.plan_contratacion_idu_plan_pagos_item_760,,4,2000.0
__export__.plan_contratacion_idu_plan_pagos_item_761,,5,100.0
__export__.plan_contratacion_idu_plan_pagos_item_762,,6,50.0
__export__.plan_contratacion_idu_plan_pagos_item_763,,7,1000.0
__export__.plan_contratacion_idu_plan_pagos_item_764,,8,500.0
__export__.plan_contratacion_idu_plan_pagos_item_765,,9,2000.0
__export__.plan_contratacion_idu_plan_pagos_item_766,,10,100.0
__export__.plan_contratacion_idu_plan_pagos_item_767,,11,50.0
__export__.plan_contratacion_idu_plan_pagos_item_768,,12,1000.0
__export__.plan_contratacion_idu_plan_pagos_item_769,,1,500.0
__export__.plan_contratacion_idu_plan_pagos_item_770,,2,2000.0
__export__.plan_contratacion_idu_plan_pagos_item_771,,3,100.0
__export__.plan_contratacion_idu_plan_pagos_item_772,,4,50.0
__export__.plan_contratacion_idu_plan_pagos_item_773,,5,1000.0
__export__.plan_contratacion_idu_plan_pagos_item_774,,6,500.0
__export__.plan_contratacion_idu_plan_pagos_item_775,,7,2000.0
__export__.plan_contratacion_idu_plan_pagos_item_776,,8,100.0
__export__.plan_contratacion_idu_plan_pagos_item_777,,9,50.0
__export__.plan_contratacion_idu_plan_pagos_item_778,,10,1000.0
__export__.plan_contratacion_idu_plan_pagos_item_779,,11,500.0
__export__.plan_contratacion_idu_plan_pagos_item_780,,12,2000.0
__export__.plan_contratacion_idu_plan_pagos_item_781,,1,100.0
__export__.plan_contratacion_idu_plan_pagos_item_782,,2,50.0
__export__.plan_contratacion_idu_plan_pagos_item_783,,3,1000.0
__export__.plan_contratacion_idu_plan_pagos_item_784,,4,500.0
__export__.plan_contratacion_idu_plan_pagos_item_785,,5,2000.0
__export__.plan_contratacion_idu_plan_pagos_item_786,,6,100.0
__export__.plan_contratacion_idu_plan_pagos_item_787,,7,50.0
__export__.plan_contratacion_idu_plan_pagos_item_788,,8,1000.0
__export__.plan_contratacion_idu_plan_pagos_item_789,,9,500.0
__export__.plan_contratacion_idu_plan_pagos_item_790,,10,2000.0
__export__.plan_contratacion_idu_plan_pagos_item_791,,11,100.0
__export__.plan_contratacion_idu_plan_pagos_item_792,,12,50.0
__export__.plan_contratacion_idu_plan_pagos_item_793,,1,1000.0
__export__.plan_contratacion_idu_plan_pagos_item_794,,2,500.0
__export__.plan_contratacion_idu_plan_pagos_item_795,,3,2000.0
__export__.plan_contratacion_idu_plan_pagos_item_796,,4,100.0
__export__.plan_contratacion_idu_plan_pagos_item_797,,5,50.0
__export__.plan_contratacion_idu_plan_pagos_item_798,,6,1000.0
__export__.plan_contratacion_idu_plan_pagos_item_799,,7,500.0
__export__.plan_contratacion_idu_plan_pagos_item_800,,8,2000.0
__export__.plan_contratacion_idu_plan_pagos_item_801,,9,100.0
__export__.plan_contratacion_idu_plan_pagos_item_802,,10,50.0
__export__.plan_contratacion_idu_plan_pagos_item_803,,11,1000.0
__export__.plan_contratacion_idu_plan_pagos_item_804,,12,500.0
__export__.plan_contratacion_idu_plan_pagos_item_805,,1,2000.0
__export__.plan_contratacion_idu_plan_pagos_item_806,,2,100.0
__export__.plan_contratacion_idu_plan_pagos_item_807,,3,50.0
__export__.plan_contratacion_idu_plan_pagos_item_808,,4,1000.0
__export__.plan_contratacion_idu_plan_pagos_item_809,,5,500.0
__export__.plan_contratacion_idu_plan_pagos_item_810,,6,2000.0
__export__.plan_contratacion_idu_plan_pagos_item_811,,7,100.0
__export__.plan_contratacion_idu_plan_pagos_item_812,,8,50.0
__export__.plan_contratacion_idu_plan_pagos_item_813,,9,1000.0
__export__.plan_contratacion_idu_plan_pagos_item_814,,10,500.0
__export__.plan_contratacion_idu_plan_pagos_item_815,,11,2000.0
__export__.plan_contratacion_idu_plan_pagos_item_816,,12,100.0
__export__.plan_contratacion_idu_plan_pagos_item_817,,1,50.0
__export__.plan_contratacion_idu_plan_pagos_item_818,,2,1000.0
__export__.plan_contratacion_idu_plan_pagos_item_819,,3,500.0
__export__.plan_contratacion_idu_plan_pagos_item_820,,4,2000.0
__export__.plan_contratacion_idu_plan_pagos_item_821,,5,100.0
__export__.plan_contratacion_idu_plan_pagos_item_822,,6,50.0
__export__.plan_contratacion_idu_plan_pagos_item_823,,7,1000.0
__export__.plan_contratacion_idu_plan_pagos_item_824,,8,500.0
__export__.plan_contratacion_idu_plan_pagos_item_825,,9,2000.0
__export__.plan_contratacion_idu_plan_pagos_item_826,,10,100.0
__export__.plan_contratacion_idu_plan_pagos_item_827,,11,50.0
__export__.plan_contratacion_idu_plan_pagos_item_828,,12,1000.0
__export__.plan_contratacion_idu_plan_pagos_item_829,,1,500.0
__export__.plan_contratacion_idu_plan_pagos_item_830,,2,2000.0
__export__.plan_contratacion_idu_plan_pagos_item_831,,3,100.0
__export__.plan_contratacion_idu_plan_pagos_item_832,,4,50.0
__export__.plan_contratacion_idu_plan_pagos_item_833,,5,1000.0
__export__.plan_contratacion_idu_plan_pagos_item_834,,6,500.0
__export__.plan_contratacion_idu_plan_pagos_item_835,,7,2000.0
__export__.plan_contratacion_idu_plan_pagos_item_836,,8,100.0
__export__.plan_contratacion_idu_plan_pagos_item_837,,9,50.0
__export__.plan_contratacion_idu_plan_pagos_item_838,,10,1000.0
__export__.plan_contratacion_idu_plan_pagos_item_839,,11,500.0
__export__.plan_contratacion_idu_plan_pagos_item_840,,12,2000.0
__export__.plan_contratacion_idu_plan_pagos_item_841,,1,100.0
__export__.plan_contratacion_idu_plan_pagos_item_842,,2,50.0
__export__.plan_contratacion_idu_plan_pagos_item_843,,3,1000.0
__export__.plan_contratacion_idu_plan_pagos_item_844,,4,500.0
__export__.plan_contratacion_idu_plan_pagos_item_845,,5,2000.0
__export__.plan_contratacion_idu_plan_pagos_item_846,,6,100.0
__export__.plan_contratacion_idu_plan_pagos_item_847,,7,50.0
__export__.plan_contratacion_idu_plan_pagos_item_848,,8,1000.0
__export__.plan_contratacion_idu_plan_pagos_item_849,,9,500.0
__export__.plan_contratacion_idu_plan_pagos_item_850,,10,2000.0
__export__.plan_contratacion_idu_plan_pagos_item_851,,11,100.0
__export__.plan_contratacion_idu_plan_pagos_item_852,,12,50.0
__export__.plan_contratacion_idu_plan_pagos_item_853,,1,1000.0
__export__.plan_contratacion_idu_plan_pagos_item_854,,2,500.0
__export__.plan_contratacion_idu_plan_pagos_item_855,,3,2000.0
__export__.plan_contratacion_idu_plan_pagos_item_856,,4,100.0
__export__.plan_contratacion_idu_plan_pagos_item_857,,5,50.0
__export__.plan_contratacion_idu_plan_pagos_item_858,,6,1000.0
__export__.plan_contratacion_idu_plan_pagos_item_859,,7,500.0
__export__.plan_contratacion_idu_plan_pagos_item_860,,8,2000.0
__export__.plan_contratacion_idu_plan_pagos_item_861,,9,100.0
__export__.plan_contratacion_idu_plan_pagos_item_862,,10,50.0
__export__.plan_contratacion_idu_plan_pagos_item_863,,11,1000.0
__export__.plan_contratacion_idu_plan_pagos_item_864,,12,500.0
__export__.plan_contratacion_idu_plan_pagos_item_865,,1,2000.0
__export__.plan_contratacion_idu_plan_pagos_item_866,,2,100.0
__export__.plan_contratacion_idu_plan_pagos_item_867,,3,50.0
__export__.plan_contratacion_idu_plan_pagos_item_868,,4,1000.0
__export__.plan_contratacion_idu_plan_pagos_item_869,,5,500.0
__export__.plan_contratacion_idu_plan_pagos_item_870,,6,2000.0
__export__.plan_contratacion_idu_plan_pagos_item_871,,7,100.0
__export__.plan_contratacion_idu_plan_pagos_item_872,,8,50.0
__export__.plan_contratacion_idu_plan_pagos_item_873,,9,1000.0
__export__.plan_contratacion_idu_plan_pagos_item_874,,10,500.0
__export__.plan_contratacion_idu_plan_pagos_item_875,,11,2000.0
__export__.plan_contratacion_idu_plan_pagos_item_876,,12,100.0
__export__.plan_contratacion_idu_plan_pagos_item_877,,1,50.0
__export__.plan_contratacion_idu_plan_pagos_item_878,,2,1000.0
__export__.plan_contratacion_idu_plan_pagos_item_879,,3,500.0
__export__.plan_contratacion_idu_plan_pagos_item_880,,4,2000.0
__export__.plan_contratacion_idu_plan_pagos_item_881,,5,100.0
__export__.plan_contratacion_idu_plan_pagos_item_882,,6,50.0
__export__.plan_contratacion_idu_plan_pagos_item_883,,7,1000.0
__export__.plan_contratacion_idu_plan_pagos_item_884,,8,500.0
__export__.plan_contratacion_idu_plan_pagos_item_885,,9,2000.0
__export__.plan_contratacion_idu_plan_pagos_item_886,,10,100.0
__export__.plan_contratacion_idu_plan_pagos_item_887,,11,50.0
__export__.plan_contratacion_idu_plan_pagos_item_888,,12,1000.0
__export__.plan_contratacion_idu_plan_pagos_item_889,,1,500.0
__export__.plan_contratacion_idu_plan_pagos_item_890,,2,2000.0
__export__.plan_contratacion_idu_plan_pagos_item_891,,3,100.0
__export__.plan_contratacion_idu_plan_pagos_item_892,,4,50.0
__export__.plan_contratacion_idu_plan_pagos_item_893,,5,1000.0
__export__.plan_contratacion_idu_plan_pagos_item_894,,6,500.0
__export__.plan_contratacion_idu_plan_pagos_item_895,,7,2000.0
__export__.plan_contratacion_idu_plan_pagos_item_896,,8,100.0
__export__.plan_contratacion_idu_plan_pagos_item_897,,9,50.0
__export__.plan_contratacion_idu_plan_pagos_item_898,,10,1000.0
__export__.plan_contratacion_idu_plan_pagos_item_899,,11,500.0
__export__.plan_contratacion_idu_plan_pagos_item_900,,12,2000.0
__export__.plan_contratacion_idu_plan_pagos_item_901,,1,100.0
__export__.plan_contratacion_idu_plan_pagos_item_902,,2,50.0
__export__.plan_contratacion_idu_plan_pagos_item_903,,3,1000.0
__export__.plan_contratacion_idu_plan_pagos_item_904,,4,500.0
__export__.plan_contratacion_idu_plan_pagos_item_905,,5,2000.0
__export__.plan_contratacion_idu_plan_pagos_item_906,,6,100.0
__export__.plan_contratacion_idu_plan_pagos_item_907,,7,50.0
__export__.plan_contratacion_idu_plan_pagos_item_908,,8,1000.0
__export__.plan_contratacion_idu_plan_pagos_item_909,,9,500.0
__export__.plan_contratacion_idu_plan_pagos_item_910,,10,2000.0
__export__.plan_contratacion_idu_plan_pagos_item_911,,11,100.0
__export__.plan_contratacion_idu_plan_pagos_item_912,,12,50.0
__export__.plan_contratacion_idu_plan_pagos_item_913,,1,1000.0
__export__.plan_contratacion_idu_plan_pagos_item_914,,2,500.0
__export__.plan_contratacion_idu_plan_pagos_item_915,,3,2000.0
__export__.plan_contratacion_idu_plan_pagos_item_916,,4,100.0
__export__.plan_contratacion_idu_plan_pagos_item_917,,5,50.0
__export__.plan_contratacion_idu_plan_pagos_item_918,,6,1000.0
__export__.plan_contratacion_idu_plan_pagos_item_919,,7,500.0
__export__.plan_contratacion_idu_plan_pagos_item_920,,8,2000.0
__export__.plan_contratacion_idu_plan_pagos_item_921,,9,100.0
__export__.plan_contratacion_idu_plan_pagos_item_922,,10,50.0
__export__.plan_contratacion_idu_plan_pagos_item_923,,11,1000.0
__export__.plan_contratacion_idu_plan_pagos_item_924,,12,500.0
__export__.plan_contratacion_idu_plan_pagos_item_925,,1,2000.0
__export__.plan_contratacion_idu_plan_pagos_item_926,,2,100.0
__export__.plan_contratacion_idu_plan_pagos_item_927,,3,50.0
__export__.plan_contratacion_idu_plan_pagos_item_928,,4,1000.0
__export__.plan_contratacion_idu_plan_pagos_item_929,,5,500.0
__export__.plan_contratacion_idu_plan_pagos_item_930,,6,2000.0
__export__.plan_contratacion_idu_plan_pagos_item_931,,7,100.0
__export__.plan_contratacion_idu_plan_pagos_item_932,,8,50.0
__export__.plan_contratacion_idu_plan_pagos_item_933,,9,1000.0
__export__.plan_contratacion_idu_plan_pagos_item_934,,10,500.0
__export__.plan_contratacion_idu_plan_pagos_item_935,,11,2000.0
__export__.plan_contratacion_idu_plan_pagos_item_936,,12,100.0
__export__.plan_contratacion_idu_plan_pagos_item_937,,1,50.0
__export__.plan_contratacion_idu_plan_pagos_item_938,,2,1000.0
__export__.plan_contratacion_idu_plan_pagos_item_939,,3,500.0
__export__.plan_contratacion_idu_plan_pagos_item_940,,4,2000.0
__export__.plan_contratacion_idu_plan_pagos_item_941,,5,100.0
__export__.plan_contratacion_idu_plan_pagos_item_942,,6,50.0
__export__.plan_contratacion_idu_plan_pagos_item_943,,7,1000.0
__export__.plan_contratacion_idu_plan_pagos_item_944,,8,500.0
__export__.plan_contratacion_idu_plan_pagos_item_945,,9,2000.0
__export__.plan_contratacion_idu_plan_pagos_item_946,,10,100.0
__export__.plan_contratacion_idu_plan_pagos_item_947,,11,50.0
__export__.plan_contratacion_idu_plan_pagos_item_948,,12,1000.0
__export__.plan_contratacion_idu_plan_pagos_item_949,,1,500.0
__export__.plan_contratacion_idu_plan_pagos_item_950,,2,2000.0
__export__.plan_contratacion_idu_plan_pagos_item_951,,3,100.0
__export__.plan_contratacion_idu_plan_pagos_item_952,,4,50.0
__export__.plan_contratacion_idu_plan_pagos_item_953,,5,1000.0
__export__.plan_contratacion_idu_plan_pagos_item_954,,6,500.0
__export__.plan_contratacion_idu_plan_pagos_item_955,,7,2000.0
__export__.plan_contratacion_idu_plan_pagos_item_956,,8,100.0
__export__.plan_contratacion_idu_plan_pagos_item_957,,9,50.0
__export__.plan_contratacion_idu_plan_pagos_item_958,,10,1000.0
__export__.plan_contratacion_idu_plan_pagos_item_959,,11,500.0
__export__.plan_contratacion_idu_plan_pagos_item_960,,12,2000.0
__export__.plan_contratacion_idu_plan_pagos_item_961,,1,100.0
__export__.plan_contratacion_idu_plan_pagos_item_962,,2,50.0
__export__.plan_contratacion_idu_plan_pagos_item_963,,3,1000.0
__export__.plan_contratacion_idu_plan_pagos_item_964,,4,500.0
__export__.plan_contratacion_idu_plan_pagos_item_965,,5,2000.0
__export__.plan_contratacion_idu_plan_pagos_item_966,,6,100.0
__export__.plan_contratacion_idu_plan_pagos_item_967,,7,50.0
__export__.plan_contratacion_idu_plan_pagos_item_968,,8,1000.0
__export__.plan_contratacion_idu_plan_pagos_item_969,,9,500.0
__export__.plan_contratacion_idu_plan_pagos_item_970,,10,2000.0
__export__.plan_contratacion_idu_plan_pagos_item_971,,11,100.0
__export__.plan_contratacion_idu_plan_pagos_item_972,,12,50.0
__export__.plan_contratacion_idu_plan_pagos_item_973,,1,1000.0
__export__.plan_contratacion_idu_plan_pagos_item_974,,2,500.0
__export__.plan_contratacion_idu_plan_pagos_item_975,,3,2000.0
__export__.plan_contratacion_idu_plan_pagos_item_976,,4,100.0
__export__.plan_contratacion_idu_plan_pagos_item_977,,5,50.0
__export__.plan_contratacion_idu_plan_pagos_item_978,,6,1000.0
__export__.plan_contratacion_idu_plan_pagos_item_979,,7,500.0
__export__.plan_contratacion_idu_plan_pagos_item_980,,8,2000.0
__export__.plan_contratacion_idu_plan_pagos_item_981,,9,100.0
__export__.plan_contratacion_idu_plan_pagos_item_982,,10,50.0
__export__.plan_contratacion_idu_plan_pagos_item_983,,11,1000.0
__export__.plan_contratacion_idu_plan_pagos_item_984,,12,500.0
__export__.plan_contratacion_idu_plan_pagos_item_985,,1,2000.0
__export__.plan_contratacion_idu_plan_pagos_item_986,,2,100.0
__export__.plan_contratacion_idu_plan_pagos_item_987,,3,50.0
__export__.plan_contratacion_idu_plan_pagos_item_988,,4,1000.0
__export__.plan_contratacion_idu_plan_pagos_item_989,,5,500.0
__export__.plan_contratacion_idu_plan_pagos_item_990,,6,2000.0
__export__.plan_contratacion_idu_plan_pagos_item_991,,7,100.0
__export__.plan_contratacion_idu_plan_pagos_item_992,,8,50.0
__export__.plan_contratacion_idu_plan_pagos_item_993,,9,1000.0
__export__.plan_contratacion_idu_plan_pagos_item_994,,10,500.0
__export__.plan_contratacion_idu_plan_pagos_item_995,,11,2000.0
__export__.plan_contratacion_idu_plan_pagos_item_996,,12,100.0
__export__.plan_contratacion_idu_plan_pagos_item_997,,1,50.0
__export__.plan_contratacion_idu_plan_pagos_item_998,,2,1000.0
__export__.plan_contratacion_idu_plan_pagos_item_999,,3,500.0
__export__.plan_contratacion_idu_plan_pagos_item_1000,,4,2000.0
__export__.plan_contratacion_idu_plan_pagos_item_1001,,5,100.0
__export__.plan_contratacion_idu_plan_pagos_item_1002,,6,50.0
__export__.plan_contratacion_idu_plan_pagos_item_1003,,7,1000.0
__export__.plan_contratacion_idu_plan_pagos_item_1004,,8,500.0
__export__.plan_contratacion_idu_plan_pagos_item_1005,,9,2000.0
__export__.plan_contratacion_idu_plan_pagos_item_1006,,10,100.0
__export__.plan_contratacion_idu_plan_pagos_item_1007,,11,50.0
__export__.plan_contratacion_idu_plan_pagos_item_1008,,12,1000.0
__export__.plan_contratacion_idu_plan_pagos_item_1009,,1,500.0
__export__.plan_contratacion_idu_plan_pagos_item_1010,,2,2000.0
__export__.plan_contratacion_idu_plan_pagos_item_1011,,3,100.0
__export__.plan_contratacion_idu_plan_pagos_item_1012,,4,50.0
__export__.plan_contratacion_idu_plan_pagos_item_1013,,5,1000.0
__export__.plan_contratacion_idu_plan_pagos_item_1014,,6,500.0
__export__.plan_contratacion_idu_plan_pagos_item_1015,,7,2000.0
__export__.plan_contratacion_idu_plan_pagos_item_1016,,8,100.0
__export__.plan_contratacion_idu_plan_pagos_item_1017,,9,50.0
__export__.plan_contratacion_idu_plan_pagos_item_1018,,10,1000.0
__export__.plan_contratacion_idu_plan_pagos_item_1019,,11,500.0
__export__.plan_contratacion_idu_plan_pagos_item_1020,,12,2000.0
__export__.plan_contratacion_idu_plan_pagos_item_1021,,1,100.0
__export__.plan_contratacion_idu_plan_pagos_item_1022,,2,50.0
__export__.plan_contratacion_idu_plan_pagos_item_1023,,3,1000.0
__export__.plan_contratacion_idu_plan_pagos_item_1024,,4,500.0
__export__.plan_contratacion_idu_plan_pagos_item_1025,,5,2000.0
__export__.plan_contratacion_idu_plan_pagos_item_1026,,6,100.0
__export__.plan_contratacion_idu_plan_pagos_item_1027,,7,50.0
__export__.plan_contratacion_idu_plan_pagos_item_1028,,8,1000.0
__export__.plan_contratacion_idu_plan_pagos_item_1029,,9,500.0
__export__.plan_contratacion_idu_plan_pagos_item_1030,,10,2000.0
__export__.plan_contratacion_idu_plan_pagos_item_1031,,11,100.0
__export__.plan_contratacion_idu_plan_pagos_item_1032,,12,50.0
__export__.plan_contratacion_idu_plan_pagos_item_1033,,1,1000.0
__export__.plan_contratacion_idu_plan_pagos_item_1034,,2,500.0
__export__.plan_contratacion_idu_plan_pagos_item_1035,,3,2000.0
__export__.plan_contratacion_idu_plan_pagos_item_1036,,4,100.0
__export__.plan_contratacion_idu_plan_pagos_item_1037,,5,50.0
__export__.plan_contratacion_idu_plan_pagos_item_1038,,6,1000.0
__export__.plan_contratacion_idu_plan_pagos_item_1039,,7,500.0
__export__.plan_contratacion_idu_plan_pagos_item_1040,,8,2000.0
__export__.plan_contratacion_idu_plan_pagos_item_1041,,9,100.0
__export__.plan_contratacion_idu_plan_pagos_item_1042,,10,50.0
__export__.plan_contratacion_idu_plan_pagos_item_1043,,11,1000.0
__export__.plan_contratacion_idu_plan_pagos_item_1044,,12,500.0
__export__.plan_contratacion_idu_plan_pagos_item_1045,,1,2000.0
__export__.plan_contratacion_idu_plan_pagos_item_1046,,2,100.0
__export__.plan_contratacion_idu_plan_pagos_item_1047,,3,50.0
__export__.plan_contratacion_idu_plan_pagos_item_1048,,4,1000.0
__export__.plan_contratacion_idu_plan_pagos_item_1049,,5,500.0
__export__.plan_contratacion_idu_plan_pagos_item_1050,,6,2000.0
__export__.plan_contratacion_idu_plan_pagos_item_1051,,7,100.0
__export__.plan_contratacion_idu_plan_pagos_item_1052,,8,50.0
__export__.plan_contratacion_idu_plan_pagos_item_1053,,9,1000.0
__export__.plan_contratacion_idu_plan_pagos_item_1054,,10,500.0
__export__.plan_contratacion_idu_plan_pagos_item_1055,,11,2000.0
__export__.plan_contratacion_idu_plan_pagos_item_1056,,12,100.0
__export__.plan_contratacion_idu_plan_pagos_item_1057,,1,50.0
__export__.plan_contratacion_idu_plan_pagos_item_1058,,2,1000.0
__export__.plan_contratacion_idu_plan_pagos_item_1059,,3,500.0
__export__.plan_contratacion_idu_plan_pagos_item_1060,,4,2000.0
__export__.plan_contratacion_idu_plan_pagos_item_1061,,5,100.0
__export__.plan_contratacion_idu_plan_pagos_item_1062,,6,50.0
__export__.plan_contratacion_idu_plan_pagos_item_1063,,7,1000.0
__export__.plan_contratacion_idu_plan_pagos_item_1064,,8,500.0
__export__.plan_contratacion_idu_plan_pagos_item_1065,,9,2000.0
__export__.plan_contratacion_idu_plan_pagos_item_1066,,10,100.0
__export__.plan_contratacion_idu_plan_pagos_item_1067,,11,50.0
__export__.plan_contratacion_idu_plan_pagos_item_1068,,12,1000.0
__export__.plan_contratacion_idu_plan_pagos_item_1069,,1,500.0
__export__.plan_contratacion_idu_plan_pagos_item_1070,,2,2000.0
__export__.plan_contratacion_idu_plan_pagos_item_1071,,3,100.0
__export__.plan_contratacion_idu_plan_pagos_item_1072,,4,50.0
__export__.plan_contratacion_idu_plan_pagos_item_1073,,5,1000.0
__export__.plan_contratacion_idu_plan_pagos_item_1074,,6,500.0
__export__.plan_contratacion_idu_plan_pagos_item_1075,,7,2000.0
__export__.plan_contratacion_idu_plan_pagos_item_1076,,8,100.0
__export__.plan_contratacion_idu_plan_pagos_item_1077,,9,50.0
__export__.plan_contratacion_idu_plan_pagos_item_1078,,10,1000.0
__export__.plan_contratacion_idu_plan_pagos_item_1079,,11,500.0
__export__.plan_contratacion_idu_plan_pagos_item_1080,,12,2000.0
__export__.plan_contratacion_idu_plan_pagos_item_1081,,1,100.0
__export__.plan_contratacion_idu_plan_pagos_item_1082,,2,50.0
__export__.plan_contratacion_idu_plan_pagos_item_1083,,3,1000.0
__export__.plan_contratacion_idu_plan_pagos_item_1084,,4,500.0
__export__.plan_contratacion_idu_plan_pagos_item_1085,,5,2000.0
__export__.plan_contratacion_idu_plan_pagos_item_1086,,6,100.0
__export__.plan_contratacion_idu_plan_pagos_item_1087,,7,50.0
__export__.plan_contratacion_idu_plan_pagos_item_1088,,8,1000.0
__export__.plan_contratacion_idu_plan_pagos_item_1089,,9,500.0
__export__.plan_contratacion_idu_plan_pagos_item_1090,,10,2000.0
__export__.plan_contratacion_idu_plan_pagos_item_1091,,11,100.0
__export__.plan_contratacion_idu_plan_pagos_item_1092,,12,50.0
__export__.plan_contratacion_idu_plan_pagos_item_1093,,1,1000.0
__export__.plan_contratacion_idu_plan_pagos_item_1094,,2,500.0
__export__.plan_contratacion_idu_plan_pagos_item_1095,,3,2000.0
__export__.plan_contratacion_idu_plan_pagos_item_1096,,4,100.0
__export__.plan_contratacion_idu_plan_pagos_item_1097,,5,50.0
__export__.plan_contratacion_idu_plan_pagos_item_1098,,6,1000.0
__export__.plan_contratacion_idu_plan_pagos_item_1099,,7,500.0
__export__.plan_contratacion_idu_plan_pagos_item_1100,,8,2000.0
__export__.plan_contratacion_idu_plan_pagos_item_1101,,9,100.0
__export__.plan_contratacion_idu_plan_pagos_item_1102,,10,50.0
__export__.plan_contratacion_idu_plan_pagos_item_1103,,11,1000.0
__export__.plan_contratacion_idu_plan_pagos_item_1104,,12,500.0
__export__.plan_contratacion_idu_plan_pagos_item_1105,,1,2000.0
__export__.plan_contratacion_idu_plan_pagos_item_1106,,2,100.0
__export__.plan_contratacion_idu_plan_pagos_item_1107,,3,50.0
__export__.plan_contratacion_idu_plan_pagos_item_1108,,4,1000.0
__export__.plan_contratacion_idu_plan_pagos_item_1109,,5,500.0
__export__.plan_contratacion_idu_plan_pagos_item_1110,,6,2000.0
__export__.plan_contratacion_idu_plan_pagos_item_1111,,7,100.0
__export__.plan_contratacion_idu_plan_pagos_item_1112,,8,50.0
__export__.plan_contratacion_idu_plan_pagos_item_1113,,9,1000.0
__export__.plan_contratacion_idu_plan_pagos_item_1114,,10,500.0
__export__.plan_contratacion_idu_plan_pagos_item_1115,,11,2000.0
__export__.plan_contratacion_idu_plan_pagos_item_1116,,12,100.0
__export__.plan_contratacion_idu_plan_pagos_item_1117,,1,50.0
__export__.plan_contratacion_idu_plan_pagos_item_1118,,2,1000.0
__export__.plan_contratacion_idu_plan_pagos_item_1119,,3,500.0
__export__.plan_contratacion_idu_plan_pagos_item_1120,,4,2000.0
__export__.plan_contratacion_idu_plan_pagos_item_1121,,5,100.0
__export__.plan_contratacion_idu_plan_pagos_item_1122,,6,50.0
__export__.plan_contratacion_idu_plan_pagos_item_1123,,7,1000.0
__export__.plan_contratacion_idu_plan_pagos_item_1124,,8,500.0
__export__.plan_contratacion_idu_plan_pagos_item_1125,,9,2000.0
__export__.plan_contratacion_idu_plan_pagos_item_1126,,10,100.0
__export__.plan_contratacion_idu_plan_pagos_item_1127,,11,50.0
__export__.plan_contratacion_idu_plan_pagos_item_1128,,12,1000.0
__export__.plan_contratacion_idu_plan_pagos_item_1129,,1,500.0
__export__.plan_contratacion_idu_plan_pagos_item_1130,,2,2000.0
__export__.plan_contratacion_idu_plan_pagos_item_1131,,3,100.0
__export__.plan_contratacion_idu_plan_pagos_item_1132,,4,50.0
__export__.plan_contratacion_idu_plan_pagos_item_1133,,5,1000.0
__export__.plan_contratacion_idu_plan_pagos_item_1134,,6,500.0
__export__.plan_contratacion_idu_plan_pagos_item_1135,,7,2000.0
__export__.plan_contratacion_idu_plan_pagos_item_1136,,8,100.0
__export__.plan_contratacion_idu_plan_pagos_item_1137,,9,50.0
__export__.plan_contratacion_idu_plan_pagos_item_1138,,10,1000.0
__export__.plan_contratacion_idu_plan_pagos_item_1139,,11,500.0
__export__.plan_contratacion_idu_plan_pagos_item_1140,,12,2000.0
__export__.plan_contratacion_idu_plan_pagos_item_1141,,1,100.0
__export__.plan_contratacion_idu_plan_pagos_item_1142,,2,50.0
__export__.plan_contratacion_idu_plan_pagos_item_1143,,3,1000.0
__export__.plan_contratacion_idu_plan_pagos_item_1144,,4,500.0
__export__.plan_contratacion_idu_plan_pagos_item_1145,,5,2000.0
__export__.plan_contratacion_idu_plan_pagos_item_1146,,6,100.0
__export__.plan_contratacion_idu_plan_pagos_item_1147,,7,50.0
__export__.plan_contratacion_idu_plan_pagos_item_1148,,8,1000.0
__export__.plan_contratacion_idu_plan_pagos_item_1149,,9,500.0
__export__.plan_contratacion_idu_plan_pagos_item_1150,,10,2000.0
__export__.plan_contratacion_idu_plan_pagos_item_1151,,11,100.0
__export__.plan_contratacion_idu_plan_pagos_item_1152,,12,50.0
__export__.plan_contratacion_idu_plan_pagos_item_1153,,1,1000.0
__export__.plan_contratacion_idu_plan_pagos_item_1154,,2,500.0
__export__.plan_contratacion_idu_plan_pagos_item_1155,,3,2000.0
__export__.plan_contratacion_idu_plan_pagos_item_1156,,4,100.0
__export__.plan_contratacion_idu_plan_pagos_item_1157,,5,50.0
__export__.plan_contratacion_idu_plan_pagos_item_1158,,6,1000.0
__export__.plan_contratacion_idu_plan_pagos_item_1159,,7,500.0
__export__.plan_contratacion_idu_plan_pagos_item_1160,,8,2000.0
__export__.plan_contratacion_idu_plan_pagos_item_1161,,9,100.0
__export__.plan_contratacion_idu_plan_pagos_item_1162,,10,50.0
__export__.plan_contratacion_idu_plan_pagos_item_1163,,11,1000.0
__export__.plan_contratacion_idu_plan_pagos_item_1164,,12,500.0
__export__.plan_contratacion_idu_plan_pagos_item_1165,,1,2000.0
__export__.plan_contratacion_idu_plan_pagos_item_1166,,2,100.0
__export__.plan_contratacion_idu_plan_pagos_item_1167,,3,50.0
__export__.plan_contratacion_idu_plan_pagos_item_1168,,4,1000.0
__export__.plan_contratacion_idu_plan_pagos_item_1169,,5,500.0
__export__.plan_contratacion_idu_plan_pagos_item_1170,,6,2000.0
__export__.plan_contratacion_idu_plan_pagos_item_1171,,7,100.0
__export__.plan_contratacion_idu_plan_pagos_item_1172,,8,50.0
__export__.plan_contratacion_idu_plan_pagos_item_1173,,9,1000.0
__export__.plan_contratacion_idu_plan_pagos_item_1174,,10,500.0
__export__.plan_contratacion_idu_plan_pagos_item_1175,,11,2000.0
__export__.plan_contratacion_idu_plan_pagos_item_1176,,12,100.0
__export__.plan_contratacion_idu_plan_pagos_item_1177,,1,50.0
__export__.plan_contratacion_idu_plan_pagos_item_1178,,2,1000.0
__export__.plan_contratacion_idu_plan_pagos_item_1179,,3,500.0
__export__.plan_contratacion_idu_plan_pagos_item_1180,,4,2000.0
__export__.plan_contratacion_idu_plan_pagos_item_1181,,5,100.0
__export__.plan_contratacion_idu_plan_pagos_item_1182,,6,50.0
__export__.plan_contratacion_idu_plan_pagos_item_1183,,7,1000.0
__export__.plan_contratacion_idu_plan_pagos_item_1184,,8,500.0
__export__.plan_contratacion_idu_plan_pagos_item_1185,,9,2000.0
__export__.plan_contratacion_idu_plan_pagos_item_1186,,10,100.0
__export__.plan_contratacion_idu_plan_pagos_item_1187,,11,50.0
__export__.plan_contratacion_idu_plan_pagos_item_1188,,12,1000.0
__export__.plan_contratacion_idu_plan_pagos_item_1189,,1,500.0
__export__.plan_contratacion_idu_plan_pagos_item_1190,,2,2000.0
__export__.plan_contratacion_idu_plan_pagos_item_1191,,3,100.0
__export__.plan_contratacion_idu_plan_pagos_item_1192,,4,50.0
__export__.plan_contratacion_idu_plan_pagos_item_1193,,5,1000.0
__export__.plan_contratacion_idu_plan_pagos_item_1194,,6,500.0
__export__.plan_contratacion_idu_plan_pagos_item_1195,,7,2000.0
__export__.plan_contratacion_idu_plan_pagos_item_1196,,8,100.0
__export__.plan_contratacion_idu_plan_pagos_item_1197,,9,50.0
__export__.plan_contratacion_idu_plan_pagos_item_1198,,10,1000.0
__export__.plan_contratacion_idu_plan_pagos_item_1199,,11,500.0
__export__.plan_contratacion_idu_plan_pagos_item_1200,,12,2000.0
__export__.plan_contratacion_idu_plan_pagos_item_1201,,1,100.0
__export__.plan_contratacion_idu_plan_pagos_item_1202,,2,50.0
__export__.plan_contratacion_idu_plan_pagos_item_1203,,3,1000.0
__export__.plan_contratacion_idu_plan_pagos_item_1204,,4,500.0
__export__.plan_contratacion_idu_plan_pagos_item_1205,,5,2000.0
__export__.plan_contratacion_idu_plan_pagos_item_1206,,6,100.0
__export__.plan_contratacion_idu_plan_pagos_item_1207,,7,50.0
__export__.plan_contratacion_idu_plan_pagos_item_1208,,8,1000.0
__export__.plan_contratacion_idu_plan_pagos_item_1209,,9,500.0
__export__.plan_contratacion_idu_plan_pagos_item_1210,,10,2000.0
__export__.plan_contratacion_idu_plan_pagos_item_1211,,11,100.0
__export__.plan_contratacion_idu_plan_pagos_item_1212,,12,50.0
__export__.plan_contratacion_idu_plan_pagos_item_1213,,1,1000.0
__export__.plan_contratacion_idu_plan_pagos_item_1214,,2,500.0
__export__.plan_contratacion_idu_plan_pagos_item_1215,,3,2000.0
__export__.plan_contratacion_idu_plan_pagos_item_1216,,4,100.0
__export__.plan_contratacion_idu_plan_pagos_item_1217,,5,50.0
__export__.plan_contratacion_idu_plan_pagos_item_1218,,6,1000.0
__export__.plan_contratacion_idu_plan_pagos_item_1219,,7,500.0
__export__.plan_contratacion_idu_plan_pagos_item_1220,,8,2000.0
__export__.plan_contratacion_idu_plan_pagos_item_1221,,9,100.0
__export__.plan_contratacion_idu_plan_pagos_item_1222,,10,50.0
__export__.plan_contratacion_idu_plan_pagos_item_1223,,11,1000.0
__export__.plan_contratacion_idu_plan_pagos_item_1224,,12,500.0
__export__.plan_contratacion_idu_plan_pagos_item_1225,,1,2000.0
__export__.plan_contratacion_idu_plan_pagos_item_1226,,2,100.0
__export__.plan_contratacion_idu_plan_pagos_item_1227,,3,50.0
__export__.plan_contratacion_idu_plan_pagos_item_1228,,4,1000.0
__export__.plan_contratacion_idu_plan_pagos_item_1229,,5,500.0
__export__.plan_contratacion_idu_plan_pagos_item_1230,,6,2000.0
__export__.plan_contratacion_idu_plan_pagos_item_1231,,7,100.0
__export__.plan_contratacion_idu_plan_pagos_item_1232,,8,50.0
__export__.plan_contratacion_idu_plan_pagos_item_1233,,9,1000.0
__export__.plan_contratacion_idu_plan_pagos_item_1234,,10,500.0
__export__.plan_contratacion_idu_plan_pagos_item_1235,,11,2000.0
__export__.plan_contratacion_idu_plan_pagos_item_1236,,12,100.0
__export__.plan_contratacion_idu_plan_pagos_item_1237,,1,50.0
__export__.plan_contratacion_idu_plan_pagos_item_1238,,2,1000.0
__export__.plan_contratacion_idu_plan_pagos_item_1239,,3,500.0
__export__.plan_contratacion_idu_plan_pagos_item_1240,,4,2000.0
__export__.plan_contratacion_idu_plan_pagos_item_1241,,5,100.0
__export__.plan_contratacion_idu_plan_pagos_item_1242,,6,50.0
__export__.plan_contratacion_idu_plan_pagos_item_1243,,7,1000.0
__export__.plan_contratacion_idu_plan_pagos_item_1244,,8,500.0
__export__.plan_contratacion_idu_plan_pagos_item_1245,,9,2000.0
__export__.plan_contratacion_idu_plan_pagos_item_1246,,10,100.0
__export__.plan_contratacion_idu_plan_pagos_item_1247,,11,50.0
__export__.plan_contratacion_idu_plan_pagos_item_1248,,12,1000.0
__export__.plan_contratacion_idu_plan_pagos_item_1249,,1,500.0
__export__.plan_contratacion_idu_plan_pagos_item_1250,,2,2000.0
__export__.plan_contratacion_idu_plan_pagos_item_1251,,3,100.0
__export__.plan_contratacion_idu_plan_pagos_item_1252,,4,50.0
__export__.plan_contratacion_idu_plan_pagos_item_1253,,5,1000.0
__export__.plan_contratacion_idu_plan_pagos_item_1254,,6,500.0
__export__.plan_contratacion_idu_plan_pagos_item_1255,,7,2000.0
__export__.plan_contratacion_idu_plan_pagos_item_1256,,8,100.0
__export__.plan_contratacion_idu_plan_pagos_item_1257,,9,50.0
__export__.plan_contratacion_idu_plan_pagos_item_1258,,10,1000.0
__export__.plan_contratacion_idu_plan_pagos_item_1259,,11,500.0
__export__.plan_contratacion_idu_plan_pagos_item_1260,,12,2000.0
__export__.plan_contratacion_idu_plan_pagos_item_1261,,1,100.0
__export__.plan_contratacion_idu_plan_pagos_item_1262,,2,50.0
__export__.plan_contratacion_idu_plan_pagos_item_1263,,3,1000.0
__export__.plan_contratacion_idu_plan_pagos_item_1264,,4,500.0
__export__.plan_contratacion_idu_plan_pagos_item_1265,,5,2000.0
__export__.plan_contratacion_idu_plan_pagos_item_1266,,6,100.0
__export__.plan_contratacion_idu_plan_pagos_item_1267,,7,50.0
__export__.plan_contratacion_idu_plan_pagos_item_1268,,8,1000.0
__export__.plan_contratacion_idu_plan_pagos_item_1269,,9,500.0
__export__.plan_contratacion_idu_plan_pagos_item_1270,,10,2000.0
__export__.plan_contratacion_idu_plan_pagos_item_1271,,11,100.0
__export__.plan_contratacion_idu_plan_pagos_item_1272,,12,50.0
__export__.plan_contratacion_idu_plan_pagos_item_1273,,1,1000.0
__export__.plan_contratacion_idu_plan_pagos_item_1274,,2,500.0
__export__.plan_contratacion_idu_plan_pagos_item_1275,,3,2000.0
__export__.plan_contratacion_idu_plan_pagos_item_1276,,4,100.0
__export__.plan_contratacion_idu_plan_pagos_item_1277,,5,50.0
__export__.plan_contratacion_idu_plan_pagos_item_1278,,6,1000.0
__export__.plan_contratacion_idu_plan_pagos_item_1279,,7,500.0
__export__.plan_contratacion_idu_plan_pagos_item_1280,,8,2000.0
__export__.plan_contratacion_idu_plan_pagos_item_1281,,9,100.0
__export__.plan_contratacion_idu_plan_pagos_item_1282,,10,50.0
__export__.plan_contratacion_idu_plan_pagos_item_1283,,11,1000.0
__export__.plan_contratacion_idu_plan_pagos_item_1284,,12,500.0
__export__.plan_contratacion_idu_plan_pagos_item_1285,,1,2000.0
__export__.plan_contratacion_idu_plan_pagos_item_1286,,2,100.0
__export__.plan_contratacion_idu_plan_pagos_item_1287,,3,50.0
__export__.plan_contratacion_idu_plan_pagos_item_1288,,4,1000.0
__export__.plan_contratacion_idu_plan_pagos_item_1289,,5,500.0
__export__.plan_contratacion_idu_plan_pagos_item_1290,,6,2000.0
__export__.plan_contratacion_idu_plan_pagos_item_1291,,7,100.0
__export__.plan_contratacion_idu_plan_pagos_item_1292,,8,50.0
__export__.plan_contratacion_idu_plan_pagos_item_1293,,9,1000.0
__export__.plan_contratacion_idu_plan_pagos_item_1294,,10,500.0
__export__.plan_contratacion_idu_plan_pagos_item_1295,,11,2000.0
__export__.plan_contratacion_idu_plan_pagos_item_1296,,12,100.0
__export__.plan_contratacion_idu_plan_pagos_item_1297,,1,50.0
__export__.plan_contratacion_idu_plan_pagos_item_1298,,2,1000.0
__export__.plan_contratacion_idu_plan_pagos_item_1299,,3,500.0
__export__.plan_contratacion_idu_plan_pagos_item_1300,,4,2000.0
__export__.plan_contratacion_idu_plan_pagos_item_1301,,5,100.0
__export__.plan_contratacion_idu_plan_pagos_item_1302,,6,50.0
__export__.plan_contratacion_idu_plan_pagos_item_1303,,7,1000.0
__export__.plan_contratacion_idu_plan_pagos_item_1304,,8,500.0
__export__.plan_contratacion_idu_plan_pagos_item_1305,,9,2000.0
__export__.plan_contratacion_idu_plan_pagos_item_1306,,10,100.0
__export__.plan_contratacion_idu_plan_pagos_item_1307,,11,50.0
__export__.plan_contratacion_idu_plan_pagos_item_1308,,12,1000.0
__export__.plan_contratacion_idu_plan_pagos_item_1309,,1,500.0
__export__.plan_contratacion_idu_plan_pagos_item_1310,,2,2000.0
__export__.plan_contratacion_idu_plan_pagos_item_1311,,3,100.0
__export__.plan_contratacion_idu_plan_pagos_item_1312,,4,50.0
__export__.plan_contratacion_idu_plan_pagos_item_1313,,5,1000.0
__export__.plan_contratacion_idu_plan_pagos_item_1314,,6,500.0
__export__.plan_contratacion_idu_plan_pagos_item_1315,,7,2000.0
__export__.plan_contratacion_idu_plan_pagos_item_1316,,8,100.0
__export__.plan_contratacion_idu_plan_pagos_item_1317,,9,50.0
__export__.plan_contratacion_idu_plan_pagos_item_1318,,10,1000.0
__export__.plan_contratacion_idu_plan_pagos_item_1319,,11,500.0
__export__.plan_contratacion_idu_plan_pagos_item_1320,,12,2000.0
__export__.plan_contratacion_idu_plan_pagos_item_1321,,1,100.0
__export__.plan_contratacion_idu_plan_pagos_item_1322,,2,50.0
__export__.plan_contratacion_idu_plan_pagos_item_1323,,3,1000.0
__export__.plan_contratacion_idu_plan_pagos_item_1324,,4,500.0
__export__.plan_contratacion_idu_plan_pagos_item_1325,,5,2000.0
__export__.plan_contratacion_idu_plan_pagos_item_1326,,6,100.0
__export__.plan_contratacion_idu_plan_pagos_item_1327,,7,50.0
__export__.plan_contratacion_idu_plan_pagos_item_1328,,8,1000.0
__export__.plan_contratacion_idu_plan_pagos_item_1329,,9,500.0
__export__.plan_contratacion_idu_plan_pagos_item_1330,,10,2000.0
__export__.plan_contratacion_idu_plan_pagos_item_1331,,11,100.0
__export__.plan_contratacion_idu_plan_pagos_item_1332,,12,50.0
__export__.plan_contratacion_idu_plan_pagos_item_1333,,1,1000.0
__export__.plan_contratacion_idu_plan_pagos_item_1334,,2,500.0
__export__.plan_contratacion_idu_plan_pagos_item_1335,,3,2000.0
__export__.plan_contratacion_idu_plan_pagos_item_1336,,4,100.0
__export__.plan_contratacion_idu_plan_pagos_item_1337,,5,50.0
__export__.plan_contratacion_idu_plan_pagos_item_1338,,6,1000.0
__export__.plan_contratacion_idu_plan_pagos_item_1339,,7,500.0
__export__.plan_contratacion_idu_plan_pagos_item_1340,,8,2000.0
__export__.plan_contratacion_idu_plan_pagos_item_1341,,9,100.0
__export__.plan_contratacion_idu_plan_pagos_item_1342,,10,50.0
__export__.plan_contratacion_idu_plan_pagos_item_1343,,11,1000.0
__export__.plan_contratacion_idu_plan_pagos_item_1344,,12,500.0
__export__.plan_contratacion_idu_plan_pagos_item_1345,,1,2000.0
__export__.plan_contratacion_idu_plan_pagos_item_1346,,2,100.0
__export__.plan_contratacion_idu_plan_pagos_item_1347,,3,50.0
__export__.plan_contratacion_idu_plan_pagos_item_1348,,4,1000.0
__export__.plan_contratacion_idu_plan_pagos_item_1349,,5,500.0
__export__.plan_contratacion_idu_plan_pagos_item_1350,,6,2000.0
__export__.plan_contratacion_idu_plan_pagos_item_1351,,7,100.0
__export__.plan_contratacion_idu_plan_pagos_item_1352,,8,50.0
__export__.plan_contratacion_idu_plan_pagos_item_1353,,9,1000.0
__export__.plan_contratacion_idu_plan_pagos_item_1354,,10,500.0
__export__.plan_contratacion_idu_plan_pagos_item_1355,,11,2000.0
__export__.plan_contratacion_idu_plan_pagos_item_1356,,12,100.0
__export__.plan_contratacion_idu_plan_pagos_item_1357,,1,50.0
__export__.plan_contratacion_idu_plan_pagos_item_1358,,2,1000.0
__export__.plan_contratacion_idu_plan_pagos_item_1359,,3,500.0
__export__.plan_contratacion_idu_plan_pagos_item_1360,,4,2000.0
__export__.plan_contratacion_idu_plan_pagos_item_1361,,5,100.0
__export__.plan_contratacion_idu_plan_pagos_item_1362,,6,50.0
__export__.plan_contratacion_idu_plan_pagos_item_1363,,7,1000.0
__export__.plan_contratacion_idu_plan_pagos_item_1364,,8,500.0
__export__.plan_contratacion_idu_plan_pagos_item_1365,,9,2000.0
__export__.plan_contratacion_idu_plan_pagos_item_1366,,10,100.0
__export__.plan_contratacion_idu_plan_pagos_item_1367,,11,50.0
__export__.plan_contratacion_idu_plan_pagos_item_1368,,12,1000.0
__export__.plan_contratacion_idu_plan_pagos_item_1369,,1,500.0
__export__.plan_contratacion_idu_plan_pagos_item_1370,,2,2000.0
__export__.plan_contratacion_idu_plan_pagos_item_1371,,3,100.0
__export__.plan_contratacion_idu_plan_pagos_item_1372,,4,50.0
__export__.plan_contratacion_idu_plan_pagos_item_1373,,5,1000.0
__export__.plan_contratacion_idu_plan_pagos_item_1374,,6,500.0
__export__.plan_contratacion_idu_plan_pagos_item_1375,,7,2000.0
__export__.plan_contratacion_idu_plan_pagos_item_1376,,8,100.0
__export__.plan_contratacion_idu_plan_pagos_item_1377,,9,50.0
__export__.plan_contratacion_idu_plan_pagos_item_1378,,10,2000.0
__export__.plan_contratacion_idu_plan_pagos_item_1379,,11,100.0
__export__.plan_contratacion_idu_plan_pagos_item_1380,,12,50.0
__export__.plan_contratacion_idu_plan_pagos_item_1381,,7,1000.0
__export__.plan_contratacion_idu_plan_pagos_item_1382,,8,500.0
__export__.plan_contratacion_idu_plan_pagos_item_1383,,9,2000.0
__export__.plan_contratacion_idu_plan_pagos_item_1384,,10,100.0
__export__.plan_contratacion_idu_plan_pagos_item_1385,,11,50.0
__export__.plan_contratacion_idu_plan_pagos_item_1386,,12,1000.0
__export__.plan_contratacion_idu_plan_pagos_item_1387,,1,500.0
__export__.plan_contratacion_idu_plan_pagos_item_1388,,2,2000.0
__export__.plan_contratacion_idu_plan_pagos_item_1389,,3,100.0
__export__.plan_contratacion_idu_plan_pagos_item_1390,,4,50.0
__export__.plan_contratacion_idu_plan_pagos_item_1391,,5,1000.0
__export__.plan_contratacion_idu_plan_pagos_item_1392,,6,500.0
__export__.plan_contratacion_idu_plan_pagos_item_1393,,7,2000.0
__export__.plan_contratacion_idu_plan_pagos_item_1394,,8,100.0
__export__.plan_contratacion_idu_plan_pagos_item_1395,,9,50.0
__export__.plan_contratacion_idu_plan_pagos_item_1396,,10,2000.0
__export__.plan_contratacion_idu_plan_pagos_item_1397,,11,100.0
__export__.plan_contratacion_idu_plan_pagos_item_1398,,12,50.0
__export__.plan_contratacion_idu_plan_pagos_item_1399,,7,1000.0
__export__.plan_contratacion_idu_plan_pagos_item_1400,,8,500.0
__export__.plan_contratacion_idu_plan_pagos_item_1401,,9,2000.0
__export__.plan_contratacion_idu_plan_pagos_item_1402,,10,100.0
__export__.plan_contratacion_idu_plan_pagos_item_1403,,11,50.0
__export__.plan_contratacion_idu_plan_pagos_item_1404,,12,1000.0
__export__.plan_contratacion_idu_plan_pagos_item_1405,,1,500.0
__export__.plan_contratacion_idu_plan_pagos_item_1406,,2,2000.0
__export__.plan_contratacion_idu_plan_pagos_item_1407,,3,100.0
__export__.plan_contratacion_idu_plan_pagos_item_1408,,4,50.0
__export__.plan_contratacion_idu_plan_pagos_item_1409,,5,1000.0
__export__.plan_contratacion_idu_plan_pagos_item_1410,,6,500.0
__export__.plan_contratacion_idu_plan_pagos_item_1411,,7,2000.0
__export__.plan_contratacion_idu_plan_pagos_item_1412,,8,100.0
__export__.plan_contratacion_idu_plan_pagos_item_1413,,9,50.0
__export__.plan_contratacion_idu_plan_pagos_item_1414,,10,2000.0
__export__.plan_contratacion_idu_plan_pagos_item_1415,,11,100.0
__export__.plan_contratacion_idu_plan_pagos_item_1416,,12,50.0
__export__.plan_contratacion_idu_plan_pagos_item_1417,,7,1000.0
__export__.plan_contratacion_idu_plan_pagos_item_1418,,8,500.0
__export__.plan_contratacion_idu_plan_pagos_item_1419,,9,2000.0
__export__.plan_contratacion_idu_plan_pagos_item_1420,,10,100.0
__export__.plan_contratacion_idu_plan_pagos_item_1421,,11,50.0
__export__.plan_contratacion_idu_plan_pagos_item_1422,,12,1000.0
__export__.plan_contratacion_idu_plan_pagos_item_1423,,1,500.0
__export__.plan_contratacion_idu_plan_pagos_item_1424,,2,2000.0
__export__.plan_contratacion_idu_plan_pagos_item_1425,,3,100.0
__export__.plan_contratacion_idu_plan_pagos_item_1426,,4,50.0
__export__.plan_contratacion_idu_plan_pagos_item_1427,,5,1000.0
__export__.plan_contratacion_idu_plan_pagos_item_1428,,6,500.0
__export__.plan_contratacion_idu_plan_pagos_item_1429,,7,2000.0
__export__.plan_contratacion_idu_plan_pagos_item_1430,,8,100.0
__export__.plan_contratacion_idu_plan_pagos_item_1431,,9,50.0
__export__.plan_contratacion_idu_plan_pagos_item_1432,,10,2000.0
__export__.plan_contratacion_idu_plan_pagos_item_1433,,11,100.0
__export__.plan_contratacion_idu_plan_pagos_item_1434,,12,50.0
__export__.plan_contratacion_idu_plan_pagos_item_1435,,7,1000.0
__export__.plan_contratacion_idu_plan_pagos_item_1436,,8,500.0
__export__.plan_contratacion_idu_plan_pagos_item_1437,,9,2000.0
__export__.plan_contratacion_idu_plan_pagos_item_1438,,10,100.0
__export__.plan_contratacion_idu_plan_pagos_item_1439,,11,50.0
__export__.plan_contratacion_idu_plan_pagos_item_1440,,12,1000.0
__export__.plan_contratacion_idu_plan_pagos_item_1441,,1,500.0
__export__.plan_contratacion_idu_plan_pagos_item_1442,,2,2000.0
__export__.plan_contratacion_idu_plan_pagos_item_1443,,3,100.0
__export__.plan_contratacion_idu_plan_pagos_item_1444,,4,50.0
__export__.plan_contratacion_idu_plan_pagos_item_1445,,5,1000.0
__export__.plan_contratacion_idu_plan_pagos_item_1446,,6,500.0
__export__.plan_contratacion_idu_plan_pagos_item_1447,,7,2000.0
__export__.plan_contratacion_idu_plan_pagos_item_1448,,8,100.0
__export__.plan_contratacion_idu_plan_pagos_item_1449,,9,50.0
__export__.plan_contratacion_idu_plan_pagos_item_1450,,10,2000.0
__export__.plan_contratacion_idu_plan_pagos_item_1451,,11,100.0
__export__.plan_contratacion_idu_plan_pagos_item_1452,,12,50.0
